OrderID,OrderDate,ProductID,RegionID,CustomerID,Quantity,UnitPrice,Discount,SalesAmount,COGS,Profit
SO01493,2023-01-01,P014,R01,C0042,2,499.00,0.00,998.00,360.00,638.00
SO01658,2023-01-01,P018,R01,C0050,2,89.00,0.00,178.00,56.00,122.00
SO03968,2023-01-01,P007,R05,C0147,2,129.00,0.00,258.00,84.00,174.00
SO00134,2023-01-02,P003,R05,C0152,3,1199.00,0.15,3057.45,1920.00,1137.45
SO00858,2023-01-02,P002,R01,C0080,3,399.00,0.00,1197.00,540.00,657.00
SO02027,2023-01-02,P006,R05,C0026,3,179.00,0.20,429.60,165.00,264.60
SO02243,2023-01-02,P016,R08,C0177,1,95.00,0.10,85.50,30.00,55.50
SO03457,2023-01-02,P018,R04,C0173,1,89.00,0.05,84.55,28.00,56.55
SO00081,2023-01-03,P005,R02,C0137,2,89.00,0.00,178.00,56.00,122.00
SO00457,2023-01-03,P013,R02,C0061,1,329.00,0.20,263.20,110.00,153.20
SO00712,2023-01-03,P003,R04,C0141,1,1199.00,0.00,1199.00,640.00,559.00
SO00901,2023-01-03,P003,R01,C0132,3,1199.00,0.10,3237.30,1920.00,1317.30
SO01271,2023-01-03,P019,R08,C0053,1,79.00,0.10,71.10,24.00,47.10
SO01826,2023-01-03,P002,R07,C0013,4,399.00,0.00,1596.00,720.00,876.00
SO03730,2023-01-03,P010,R06,C0132,1,69.00,0.00,69.00,22.00,47.00
SO01096,2023-01-04,P019,R05,C0051,1,79.00,0.20,63.20,24.00,39.20
SO00850,2023-01-05,P017,R04,C0092,3,199.00,0.00,597.00,195.00,402.00
SO02066,2023-01-05,P005,R02,C0157,3,89.00,0.10,240.30,84.00,156.30
SO00787,2023-01-06,P014,R02,C0021,1,499.00,0.00,499.00,180.00,319.00
SO03246,2023-01-06,P018,R04,C0175,1,89.00,0.05,84.55,28.00,56.55
SO00060,2023-01-07,P013,R03,C0023,2,329.00,0.05,625.10,220.00,405.10
SO00820,2023-01-07,P008,R03,C0099,1,299.00,0.00,299.00,95.00,204.00
SO01049,2023-01-07,P020,R05,C0013,4,29.00,0.05,110.20,32.00,78.20
SO02056,2023-01-07,P003,R05,C0101,8,1199.00,0.05,9112.40,5120.00,3992.40
SO01407,2023-01-08,P014,R05,C0120,1,499.00,0.00,499.00,180.00,319.00
SO02543,2023-01-08,P004,R02,C0109,2,1899.00,0.05,3608.10,1960.00,1648.10
SO03664,2023-01-08,P007,R03,C0039,1,129.00,0.15,109.65,42.00,67.65
SO03771,2023-01-08,P010,R05,C0120,1,69.00,0.00,69.00,22.00,47.00
SO01082,2023-01-09,P006,R07,C0004,2,179.00,0.00,358.00,110.00,248.00
SO01349,2023-01-09,P016,R05,C0166,2,95.00,0.05,180.50,60.00,120.50
SO03160,2023-01-09,P011,R04,C0140,5,39.00,0.00,195.00,60.00,135.00
SO00899,2023-01-10,P002,R02,C0103,2,399.00,0.00,798.00,360.00,438.00
SO00942,2023-01-10,P017,R07,C0074,3,199.00,0.10,537.30,195.00,342.30
SO01035,2023-01-10,P010,R02,C0043,3,69.00,0.05,196.65,66.00,130.65
SO03531,2023-01-10,P011,R04,C0078,1,39.00,0.15,33.15,12.00,21.15
SO03656,2023-01-10,P002,R03,C0173,3,399.00,0.00,1197.00,540.00,657.00
SO00685,2023-01-11,P019,R01,C0071,1,79.00,0.00,79.00,24.00,55.00
SO01570,2023-01-11,P015,R03,C0160,4,119.00,0.00,476.00,152.00,324.00
SO01766,2023-01-11,P007,R07,C0141,3,129.00,0.05,367.65,126.00,241.65
SO02150,2023-01-11,P014,R08,C0040,1,499.00,0.00,499.00,180.00,319.00
SO01881,2023-01-12,P013,R04,C0114,3,329.00,0.20,789.60,330.00,459.60
SO02001,2023-01-12,P001,R06,C0144,2,699.00,0.00,1398.00,640.00,758.00
SO03358,2023-01-12,P017,R02,C0072,3,199.00,0.05,567.15,195.00,372.15
SO01277,2023-01-13,P003,R05,C0167,1,1199.00,0.00,1199.00,640.00,559.00
SO02181,2023-01-13,P005,R04,C0020,1,89.00,0.05,84.55,28.00,56.55
SO03940,2023-01-13,P011,R06,C0157,8,39.00,0.00,312.00,96.00,216.00
SO01824,2023-01-14,P008,R02,C0010,1,299.00,0.00,299.00,95.00,204.00
SO01982,2023-01-14,P007,R02,C0024,8,129.00,0.10,928.80,336.00,592.80
SO02558,2023-01-14,P014,R08,C0133,1,499.00,0.05,474.05,180.00,294.05
SO01111,2023-01-15,P013,R07,C0155,1,329.00,0.15,279.65,110.00,169.65
SO01320,2023-01-15,P017,R01,C0016,2,199.00,0.00,398.00,130.00,268.00
SO02205,2023-01-15,P003,R06,C0036,2,1199.00,0.00,2398.00,1280.00,1118.00
SO02295,2023-01-15,P019,R04,C0060,4,79.00,0.00,316.00,96.00,220.00
SO02629,2023-01-15,P013,R02,C0171,1,329.00,0.00,329.00,110.00,219.00
SO00110,2023-01-16,P007,R03,C0019,5,129.00,0.00,645.00,210.00,435.00
SO00974,2023-01-16,P004,R03,C0159,1,1899.00,0.00,1899.00,980.00,919.00
SO01315,2023-01-16,P020,R02,C0167,1,29.00,0.05,27.55,8.00,19.55
SO01936,2023-01-16,P003,R08,C0001,5,1199.00,0.00,5995.00,3200.00,2795.00
SO03330,2023-01-17,P020,R05,C0175,1,29.00,0.00,29.00,8.00,21.00
SO03864,2023-01-17,P019,R01,C0019,1,79.00,0.00,79.00,24.00,55.00
SO02199,2023-01-18,P012,R06,C0020,1,49.00,0.15,41.65,14.00,27.65
SO03053,2023-01-18,P013,R02,C0156,1,329.00,0.15,279.65,110.00,169.65
SO00344,2023-01-20,P005,R02,C0073,1,89.00,0.00,89.00,28.00,61.00
SO00743,2023-01-20,P020,R04,C0051,5,29.00,0.10,130.50,40.00,90.50
SO01767,2023-01-20,P006,R02,C0077,2,179.00,0.15,304.30,110.00,194.30
SO02820,2023-01-20,P019,R04,C0145,4,79.00,0.00,316.00,96.00,220.00
SO01773,2023-01-21,P002,R01,C0018,1,399.00,0.20,319.20,180.00,139.20
SO02690,2023-01-21,P002,R07,C0040,3,399.00,0.00,1197.00,540.00,657.00
SO02857,2023-01-21,P010,R08,C0061,1,69.00,0.00,69.00,22.00,47.00
SO03156,2023-01-21,P006,R03,C0060,1,179.00,0.00,179.00,55.00,124.00
SO03180,2023-01-21,P013,R04,C0036,8,329.00,0.05,2500.40,880.00,1620.40
SO01326,2023-01-22,P017,R05,C0082,5,199.00,0.15,845.75,325.00,520.75
SO01830,2023-01-22,P003,R02,C0090,2,1199.00,0.00,2398.00,1280.00,1118.00
SO02368,2023-01-22,P003,R08,C0050,1,1199.00,0.20,959.20,640.00,319.20
SO02717,2023-01-22,P008,R06,C0065,1,299.00,0.00,299.00,95.00,204.00
SO02749,2023-01-22,P017,R02,C0009,4,199.00,0.00,796.00,260.00,536.00
SO03778,2023-01-22,P015,R01,C0029,1,119.00,0.00,119.00,38.00,81.00
SO00009,2023-01-23,P011,R06,C0152,1,39.00,0.10,35.10,12.00,23.10
SO00483,2023-01-23,P019,R08,C0164,4,79.00,0.05,300.20,96.00,204.20
SO01129,2023-01-23,P010,R08,C0165,2,69.00,0.00,138.00,44.00,94.00
SO01801,2023-01-23,P010,R02,C0032,4,69.00,0.20,220.80,88.00,132.80
SO00631,2023-01-24,P019,R05,C0126,8,79.00,0.00,632.00,192.00,440.00
SO01408,2023-01-24,P010,R07,C0145,3,69.00,0.00,207.00,66.00,141.00
SO03068,2023-01-24,P013,R01,C0101,1,329.00,0.10,296.10,110.00,186.10
SO03186,2023-01-24,P005,R05,C0059,3,89.00,0.00,267.00,84.00,183.00
SO03766,2023-01-24,P015,R08,C0055,3,119.00,0.00,357.00,114.00,243.00
SO00293,2023-01-25,P001,R05,C0035,2,699.00,0.10,1258.20,640.00,618.20
SO00299,2023-01-25,P018,R03,C0103,1,89.00,0.10,80.10,28.00,52.10
SO00301,2023-01-25,P008,R01,C0058,3,299.00,0.05,852.15,285.00,567.15
SO00387,2023-01-25,P017,R05,C0163,1,199.00,0.05,189.05,65.00,124.05
SO00968,2023-01-25,P005,R06,C0032,1,89.00,0.00,89.00,28.00,61.00
SO00995,2023-01-25,P015,R04,C0079,3,119.00,0.05,339.15,114.00,225.15
SO02246,2023-01-25,P005,R02,C0177,8,89.00,0.00,712.00,224.00,488.00
SO03594,2023-01-25,P008,R06,C0082,3,299.00,0.00,897.00,285.00,612.00
SO00462,2023-01-26,P009,R04,C0024,1,99.00,0.00,99.00,34.00,65.00
SO02510,2023-01-26,P001,R06,C0076,1,699.00,0.05,664.05,320.00,344.05
SO02945,2023-01-26,P014,R02,C0065,1,499.00,0.00,499.00,180.00,319.00
SO01375,2023-01-27,P001,R06,C0071,3,699.00,0.00,2097.00,960.00,1137.00
SO01812,2023-01-27,P018,R07,C0089,2,89.00,0.05,169.10,56.00,113.10
SO02646,2023-01-27,P018,R06,C0005,3,89.00,0.05,253.65,84.00,169.65
SO03523,2023-01-27,P014,R01,C0128,3,499.00,0.10,1347.30,540.00,807.30
SO00294,2023-01-28,P002,R08,C0023,1,399.00,0.00,399.00,180.00,219.00
SO00904,2023-01-28,P013,R03,C0002,4,329.00,0.10,1184.40,440.00,744.40
SO01262,2023-01-28,P011,R03,C0022,5,39.00,0.00,195.00,60.00,135.00
SO01427,2023-01-28,P018,R02,C0115,2,89.00,0.00,178.00,56.00,122.00
SO03380,2023-01-28,P018,R06,C0087,2,89.00,0.10,160.20,56.00,104.20
SO03792,2023-01-28,P019,R05,C0159,4,79.00,0.00,316.00,96.00,220.00
SO00539,2023-01-29,P015,R05,C0153,1,119.00,0.00,119.00,38.00,81.00
SO02512,2023-01-29,P016,R08,C0080,2,95.00,0.00,190.00,60.00,130.00
SO03157,2023-01-29,P015,R08,C0169,2,119.00,0.00,238.00,76.00,162.00
SO03343,2023-01-29,P008,R07,C0152,1,299.00,0.00,299.00,95.00,204.00
SO03451,2023-01-29,P018,R06,C0009,1,89.00,0.05,84.55,28.00,56.55
SO01029,2023-01-30,P019,R05,C0045,5,79.00,0.00,395.00,120.00,275.00
SO01540,2023-01-30,P003,R08,C0012,1,1199.00,0.05,1139.05,640.00,499.05
SO01874,2023-01-30,P016,R02,C0033,1,95.00,0.00,95.00,30.00,65.00
SO03225,2023-01-30,P013,R07,C0122,3,329.00,0.10,888.30,330.00,558.30
SO00049,2023-01-31,P016,R01,C0135,1,95.00,0.10,85.50,30.00,55.50
SO00206,2023-01-31,P018,R04,C0145,4,89.00,0.10,320.40,112.00,208.40
SO00445,2023-01-31,P009,R04,C0143,2,99.00,0.00,198.00,68.00,130.00
SO01134,2023-01-31,P006,R01,C0131,2,179.00,0.00,358.00,110.00,248.00
SO01515,2023-01-31,P006,R05,C0126,1,179.00,0.00,179.00,55.00,124.00
SO03138,2023-01-31,P017,R08,C0067,1,199.00,0.10,179.10,65.00,114.10
SO03774,2023-01-31,P004,R01,C0006,1,1899.00,0.00,1899.00,980.00,919.00
SO00954,2023-02-01,P009,R01,C0066,4,99.00,0.00,396.00,136.00,260.00
SO01010,2023-02-01,P012,R05,C0159,1,49.00,0.00,49.00,14.00,35.00
SO02579,2023-02-01,P019,R07,C0164,3,79.00,0.00,237.00,72.00,165.00
SO01246,2023-02-03,P001,R03,C0139,2,699.00,0.00,1398.00,640.00,758.00
SO01902,2023-02-03,P006,R08,C0115,1,179.00,0.00,179.00,55.00,124.00
SO00011,2023-02-04,P004,R07,C0170,2,1899.00,0.00,3798.00,1960.00,1838.00
SO03250,2023-02-04,P010,R06,C0105,3,69.00,0.20,165.60,66.00,99.60
SO03322,2023-02-05,P012,R06,C0146,12,49.00,0.00,588.00,168.00,420.00
SO00695,2023-02-06,P008,R02,C0062,3,299.00,0.10,807.30,285.00,522.30
SO01659,2023-02-06,P020,R01,C0008,1,29.00,0.05,27.55,8.00,19.55
SO02004,2023-02-06,P009,R03,C0047,3,99.00,0.10,267.30,102.00,165.30
SO03557,2023-02-07,P009,R04,C0049,2,99.00,0.05,188.10,68.00,120.10
SO00819,2023-02-08,P012,R07,C0066,1,49.00,0.00,49.00,14.00,35.00
SO02116,2023-02-08,P014,R06,C0157,1,499.00,0.00,499.00,180.00,319.00
SO02885,2023-02-08,P012,R02,C0102,3,49.00,0.10,132.30,42.00,90.30
SO02894,2023-02-08,P001,R03,C0112,1,699.00,0.00,699.00,320.00,379.00
SO03256,2023-02-08,P001,R04,C0179,1,699.00,0.10,629.10,320.00,309.10
SO03638,2023-02-08,P020,R06,C0022,1,29.00,0.20,23.20,8.00,15.20
SO01034,2023-02-09,P017,R06,C0126,3,199.00,0.05,567.15,195.00,372.15
SO01757,2023-02-09,P014,R02,C0143,1,499.00,0.10,449.10,180.00,269.10
SO03183,2023-02-09,P020,R05,C0055,1,29.00,0.10,26.10,8.00,18.10
SO01463,2023-02-10,P002,R07,C0037,3,399.00,0.00,1197.00,540.00,657.00
SO03428,2023-02-10,P006,R05,C0056,1,179.00,0.00,179.00,55.00,124.00
SO00759,2023-02-11,P002,R08,C0041,2,399.00,0.05,758.10,360.00,398.10
SO02443,2023-02-11,P012,R07,C0065,3,49.00,0.10,132.30,42.00,90.30
SO03332,2023-02-11,P002,R05,C0097,2,399.00,0.05,758.10,360.00,398.10
SO00692,2023-02-12,P005,R03,C0167,1,89.00,0.05,84.55,28.00,56.55
SO03244,2023-02-12,P002,R07,C0089,1,399.00,0.00,399.00,180.00,219.00
SO03414,2023-02-12,P007,R01,C0062,1,129.00,0.00,129.00,42.00,87.00
SO03764,2023-02-12,P002,R05,C0106,1,399.00,0.05,379.05,180.00,199.05
SO00702,2023-02-13,P010,R05,C0087,1,69.00,0.05,65.55,22.00,43.55
SO03733,2023-02-13,P010,R06,C0123,8,69.00,0.10,496.80,176.00,320.80
SO00149,2023-02-14,P012,R03,C0027,4,49.00,0.00,196.00,56.00,140.00
SO02595,2023-02-15,P015,R01,C0053,5,119.00,0.00,595.00,190.00,405.00
SO03065,2023-02-15,P004,R01,C0119,8,1899.00,0.00,15192.00,7840.00,7352.00
SO03562,2023-02-15,P020,R06,C0171,4,29.00,0.00,116.00,32.00,84.00
SO03831,2023-02-15,P010,R07,C0036,1,69.00,0.15,58.65,22.00,36.65
SO01272,2023-02-16,P013,R08,C0137,1,329.00,0.00,329.00,110.00,219.00
SO01756,2023-02-16,P020,R04,C0143,1,29.00,0.00,29.00,8.00,21.00
SO01920,2023-02-16,P002,R08,C0068,1,399.00,0.10,359.10,180.00,179.10
SO02100,2023-02-16,P001,R03,C0056,1,699.00,0.00,699.00,320.00,379.00
SO02445,2023-02-16,P013,R03,C0087,4,329.00,0.10,1184.40,440.00,744.40
SO02903,2023-02-16,P018,R07,C0169,2,89.00,0.10,160.20,56.00,104.20
SO00551,2023-02-17,P007,R01,C0149,1,129.00,0.15,109.65,42.00,67.65
SO01213,2023-02-17,P004,R03,C0086,8,1899.00,0.10,13672.80,7840.00,5832.80
SO01699,2023-02-17,P005,R02,C0110,2,89.00,0.00,178.00,56.00,122.00
SO03287,2023-02-17,P019,R06,C0170,3,79.00,0.00,237.00,72.00,165.00
SO01159,2023-02-18,P016,R08,C0160,2,95.00,0.10,171.00,60.00,111.00
SO03060,2023-02-18,P015,R03,C0031,2,119.00,0.00,238.00,76.00,162.00
SO03169,2023-02-18,P012,R01,C0055,2,49.00,0.00,98.00,28.00,70.00
SO00580,2023-02-19,P003,R03,C0130,3,1199.00,0.00,3597.00,1920.00,1677.00
SO02140,2023-02-19,P008,R07,C0027,5,299.00,0.00,1495.00,475.00,1020.00
SO02393,2023-02-19,P015,R01,C0042,1,119.00,0.00,119.00,38.00,81.00
SO02451,2023-02-19,P004,R03,C0142,3,1899.00,0.15,4842.45,2940.00,1902.45
SO02519,2023-02-19,P002,R05,C0038,12,399.00,0.00,4788.00,2160.00,2628.00
SO03923,2023-02-19,P017,R01,C0122,4,199.00,0.00,796.00,260.00,536.00
SO01123,2023-02-20,P007,R06,C0081,2,129.00,0.00,258.00,84.00,174.00
SO03507,2023-02-20,P010,R02,C0173,1,69.00,0.00,69.00,22.00,47.00
SO03633,2023-02-20,P001,R08,C0177,1,699.00,0.00,699.00,320.00,379.00
SO00259,2023-02-21,P004,R03,C0113,1,1899.00,0.00,1899.00,980.00,919.00
SO01685,2023-02-21,P005,R07,C0071,2,89.00,0.05,169.10,56.00,113.10
SO02254,2023-02-21,P009,R02,C0084,1,99.00,0.00,99.00,34.00,65.00
SO02597,2023-02-21,P010,R01,C0136,1,69.00,0.00,69.00,22.00,47.00
SO02769,2023-02-21,P009,R02,C0130,3,99.00,0.10,267.30,102.00,165.30
SO00116,2023-02-22,P005,R04,C0014,2,89.00,0.15,151.30,56.00,95.30
SO01296,2023-02-22,P013,R08,C0030,1,329.00,0.00,329.00,110.00,219.00
SO03518,2023-02-22,P012,R08,C0043,3,49.00,0.00,147.00,42.00,105.00
SO03702,2023-02-22,P002,R08,C0027,2,399.00,0.00,798.00,360.00,438.00
SO00129,2023-02-23,P006,R04,C0038,3,179.00,0.00,537.00,165.00,372.00
SO00713,2023-02-23,P007,R03,C0116,2,129.00,0.15,219.30,84.00,135.30
SO00776,2023-02-23,P006,R05,C0055,3,179.00,0.00,537.00,165.00,372.00
SO00862,2023-02-23,P008,R03,C0023,2,299.00,0.00,598.00,190.00,408.00
SO01429,2023-02-23,P009,R05,C0038,2,99.00,0.10,178.20,68.00,110.20
SO02016,2023-02-23,P015,R08,C0045,8,119.00,0.00,952.00,304.00,648.00
SO02620,2023-02-23,P018,R03,C0002,1,89.00,0.10,80.10,28.00,52.10
SO03301,2023-02-23,P019,R05,C0061,1,79.00,0.10,71.10,24.00,47.10
SO03626,2023-02-23,P018,R02,C0095,8,89.00,0.05,676.40,224.00,452.40
SO00193,2023-02-24,P014,R04,C0163,2,499.00,0.00,998.00,360.00,638.00
SO01239,2023-02-24,P012,R08,C0123,1,49.00,0.00,49.00,14.00,35.00
SO01373,2023-02-24,P017,R01,C0166,2,199.00,0.00,398.00,130.00,268.00
SO02560,2023-02-24,P012,R07,C0040,3,49.00,0.05,139.65,42.00,97.65
SO00375,2023-02-26,P004,R04,C0123,3,1899.00,0.00,5697.00,2940.00,2757.00
SO00910,2023-02-26,P004,R06,C0169,1,1899.00,0.00,1899.00,980.00,919.00
SO01789,2023-02-26,P014,R03,C0049,1,499.00,0.10,449.10,180.00,269.10
SO02835,2023-02-26,P005,R02,C0057,5,89.00,0.05,422.75,140.00,282.75
SO02876,2023-02-26,P017,R08,C0129,1,199.00,0.10,179.10,65.00,114.10
SO03467,2023-02-26,P007,R08,C0076,12,129.00,0.15,1315.80,504.00,811.80
SO03840,2023-02-26,P003,R05,C0038,2,1199.00,0.10,2158.20,1280.00,878.20
SO00261,2023-02-27,P001,R05,C0172,2,699.00,0.05,1328.10,640.00,688.10
SO00415,2023-02-27,P005,R07,C0180,4,89.00,0.00,356.00,112.00,244.00
SO01205,2023-02-27,P012,R02,C0112,2,49.00,0.05,93.10,28.00,65.10
SO01655,2023-02-27,P004,R07,C0038,1,1899.00,0.05,1804.05,980.00,824.05
SO00590,2023-02-28,P018,R08,C0146,12,89.00,0.00,1068.00,336.00,732.00
SO00641,2023-02-28,P020,R02,C0099,3,29.00,0.00,87.00,24.00,63.00
SO01397,2023-02-28,P005,R07,C0092,3,89.00,0.00,267.00,84.00,183.00
SO01502,2023-02-28,P019,R07,C0084,2,79.00,0.10,142.20,48.00,94.20
SO02746,2023-02-28,P008,R07,C0061,1,299.00,0.05,284.05,95.00,189.05
SO03710,2023-02-28,P012,R05,C0112,5,49.00,0.10,220.50,70.00,150.50
SO00488,2023-03-01,P020,R02,C0164,5,29.00,0.00,145.00,40.00,105.00
SO00847,2023-03-01,P013,R07,C0133,2,329.00,0.15,559.30,220.00,339.30
SO00897,2023-03-01,P004,R05,C0077,4,1899.00,0.00,7596.00,3920.00,3676.00
SO01317,2023-03-01,P014,R05,C0138,8,499.00,0.00,3992.00,1440.00,2552.00
SO01468,2023-03-01,P014,R06,C0074,2,499.00,0.00,998.00,360.00,638.00
SO01980,2023-03-01,P002,R02,C0116,1,399.00,0.05,379.05,180.00,199.05
SO02272,2023-03-01,P013,R06,C0169,2,329.00,0.00,658.00,220.00,438.00
SO03652,2023-03-01,P014,R08,C0074,4,499.00,0.10,1796.40,720.00,1076.40
SO03958,2023-03-01,P003,R07,C0127,2,1199.00,0.20,1918.40,1280.00,638.40
SO01778,2023-03-02,P014,R08,C0027,1,499.00,0.00,499.00,180.00,319.00
SO01898,2023-03-02,P015,R03,C0089,3,119.00,0.05,339.15,114.00,225.15
SO02076,2023-03-02,P020,R05,C0124,2,29.00,0.05,55.10,16.00,39.10
SO02373,2023-03-02,P002,R07,C0088,1,399.00,0.05,379.05,180.00,199.05
SO03356,2023-03-02,P018,R04,C0022,2,89.00,0.05,169.10,56.00,113.10
SO02455,2023-03-03,P012,R01,C0019,1,49.00,0.00,49.00,14.00,35.00
SO00029,2023-03-04,P002,R07,C0029,1,399.00,0.00,399.00,180.00,219.00
SO00752,2023-03-04,P005,R07,C0139,2,89.00,0.00,178.00,56.00,122.00
SO00930,2023-03-04,P003,R02,C0006,5,1199.00,0.00,5995.00,3200.00,2795.00
SO01321,2023-03-04,P007,R08,C0104,1,129.00,0.00,129.00,42.00,87.00
SO01556,2023-03-04,P015,R08,C0003,2,119.00,0.00,238.00,76.00,162.00
SO02279,2023-03-04,P018,R01,C0062,1,89.00,0.10,80.10,28.00,52.10
SO00500,2023-03-05,P002,R05,C0158,2,399.00,0.00,798.00,360.00,438.00
SO01180,2023-03-05,P011,R01,C0073,1,39.00,0.05,37.05,12.00,25.05
SO01508,2023-03-05,P005,R08,C0086,1,89.00,0.15,75.65,28.00,47.65
SO02245,2023-03-05,P017,R01,C0040,1,199.00,0.00,199.00,65.00,134.00
SO03312,2023-03-05,P012,R06,C0119,2,49.00,0.00,98.00,28.00,70.00
SO00020,2023-03-06,P019,R04,C0169,1,79.00,0.00,79.00,24.00,55.00
SO00252,2023-03-06,P009,R08,C0148,4,99.00,0.00,396.00,136.00,260.00
SO01236,2023-03-06,P003,R05,C0178,4,1199.00,0.00,4796.00,2560.00,2236.00
SO02124,2023-03-06,P001,R03,C0171,1,699.00,0.00,699.00,320.00,379.00
SO03379,2023-03-06,P004,R02,C0006,2,1899.00,0.05,3608.10,1960.00,1648.10
SO03871,2023-03-06,P006,R03,C0005,1,179.00,0.05,170.05,55.00,115.05
SO00683,2023-03-07,P017,R03,C0099,1,199.00,0.05,189.05,65.00,124.05
SO01215,2023-03-07,P013,R05,C0162,1,329.00,0.00,329.00,110.00,219.00
SO01440,2023-03-07,P002,R04,C0136,3,399.00,0.00,1197.00,540.00,657.00
SO01743,2023-03-07,P003,R02,C0106,3,1199.00,0.15,3057.45,1920.00,1137.45
SO02228,2023-03-07,P007,R01,C0172,2,129.00,0.20,206.40,84.00,122.40
SO00141,2023-03-08,P019,R04,C0150,1,79.00,0.00,79.00,24.00,55.00
SO01103,2023-03-08,P015,R08,C0057,1,119.00,0.00,119.00,38.00,81.00
SO01735,2023-03-08,P016,R01,C0048,3,95.00,0.00,285.00,90.00,195.00
SO03517,2023-03-08,P008,R04,C0179,1,299.00,0.00,299.00,95.00,204.00
SO03600,2023-03-08,P007,R02,C0110,1,129.00,0.05,122.55,42.00,80.55
SO03818,2023-03-08,P019,R07,C0036,8,79.00,0.00,632.00,192.00,440.00
SO00297,2023-03-09,P003,R04,C0148,4,1199.00,0.05,4556.20,2560.00,1996.20
SO00843,2023-03-09,P015,R01,C0154,2,119.00,0.15,202.30,76.00,126.30
SO01419,2023-03-09,P009,R04,C0082,1,99.00,0.00,99.00,34.00,65.00
SO01627,2023-03-09,P010,R04,C0135,2,69.00,0.10,124.20,44.00,80.20
SO02101,2023-03-09,P002,R07,C0023,1,399.00,0.10,359.10,180.00,179.10
SO00425,2023-03-10,P010,R05,C0163,2,69.00,0.00,138.00,44.00,94.00
SO00688,2023-03-10,P007,R02,C0171,3,129.00,0.00,387.00,126.00,261.00
SO00882,2023-03-10,P020,R08,C0101,4,29.00,0.00,116.00,32.00,84.00
SO01264,2023-03-10,P004,R05,C0029,1,1899.00,0.00,1899.00,980.00,919.00
SO01319,2023-03-10,P011,R08,C0103,3,39.00,0.00,117.00,36.00,81.00
SO01880,2023-03-10,P011,R03,C0126,2,39.00,0.00,78.00,24.00,54.00
SO02064,2023-03-10,P015,R06,C0180,1,119.00,0.00,119.00,38.00,81.00
SO02301,2023-03-10,P002,R04,C0060,3,399.00,0.05,1137.15,540.00,597.15
SO03618,2023-03-10,P007,R08,C0071,2,129.00,0.00,258.00,84.00,174.00
SO00015,2023-03-11,P011,R08,C0129,8,39.00,0.10,280.80,96.00,184.80
SO00078,2023-03-11,P007,R03,C0170,1,129.00,0.00,129.00,42.00,87.00
SO00288,2023-03-11,P007,R02,C0079,2,129.00,0.00,258.00,84.00,174.00
SO01445,2023-03-11,P015,R03,C0119,2,119.00,0.15,202.30,76.00,126.30
SO02710,2023-03-11,P016,R01,C0028,1,95.00,0.00,95.00,30.00,65.00
SO03912,2023-03-11,P016,R01,C0065,1,95.00,0.05,90.25,30.00,60.25
SO00188,2023-03-12,P011,R06,C0063,1,39.00,0.00,39.00,12.00,27.00
SO03288,2023-03-12,P003,R01,C0151,3,1199.00,0.00,3597.00,1920.00,1677.00
SO03422,2023-03-12,P009,R05,C0093,5,99.00,0.00,495.00,170.00,325.00
SO00801,2023-03-13,P002,R07,C0021,1,399.00,0.00,399.00,180.00,219.00
SO00824,2023-03-13,P003,R01,C0159,1,1199.00,0.05,1139.05,640.00,499.05
SO01304,2023-03-13,P017,R01,C0091,4,199.00,0.10,716.40,260.00,456.40
SO01866,2023-03-13,P015,R04,C0169,12,119.00,0.10,1285.20,456.00,829.20
SO02233,2023-03-13,P016,R07,C0058,1,95.00,0.05,90.25,30.00,60.25
SO02803,2023-03-13,P015,R05,C0047,2,119.00,0.00,238.00,76.00,162.00
SO03500,2023-03-13,P001,R03,C0117,5,699.00,0.00,3495.00,1600.00,1895.00
SO03595,2023-03-13,P018,R06,C0157,3,89.00,0.05,253.65,84.00,169.65
SO03987,2023-03-13,P019,R04,C0122,2,79.00,0.10,142.20,48.00,94.20
SO03018,2023-03-14,P006,R01,C0097,2,179.00,0.00,358.00,110.00,248.00
SO03642,2023-03-14,P014,R04,C0126,4,499.00,0.00,1996.00,720.00,1276.00
SO00330,2023-03-15,P010,R08,C0047,8,69.00,0.00,552.00,176.00,376.00
SO01353,2023-03-15,P009,R04,C0144,1,99.00,0.00,99.00,34.00,65.00
SO01568,2023-03-15,P009,R06,C0076,1,99.00,0.15,84.15,34.00,50.15
SO02665,2023-03-15,P002,R05,C0095,2,399.00,0.00,798.00,360.00,438.00
SO03235,2023-03-15,P018,R03,C0067,8,89.00,0.20,569.60,224.00,345.60
SO01473,2023-03-16,P013,R06,C0024,5,329.00,0.15,1398.25,550.00,848.25
SO03569,2023-03-16,P005,R08,C0077,2,89.00,0.05,169.10,56.00,113.10
SO00140,2023-03-17,P017,R08,C0098,2,199.00,0.00,398.00,130.00,268.00
SO01459,2023-03-17,P004,R07,C0054,2,1899.00,0.05,3608.10,1960.00,1648.10
SO02411,2023-03-17,P009,R02,C0088,2,99.00,0.05,188.10,68.00,120.10
SO02798,2023-03-17,P001,R06,C0108,1,699.00,0.20,559.20,320.00,239.20
SO03706,2023-03-17,P002,R02,C0092,3,399.00,0.00,1197.00,540.00,657.00
SO01196,2023-03-18,P010,R07,C0112,2,69.00,0.00,138.00,44.00,94.00
SO01297,2023-03-18,P008,R02,C0013,1,299.00,0.10,269.10,95.00,174.10
SO01931,2023-03-18,P005,R06,C0003,2,89.00,0.00,178.00,56.00,122.00
SO02211,2023-03-18,P013,R01,C0008,1,329.00,0.05,312.55,110.00,202.55
SO02814,2023-03-18,P020,R05,C0004,3,29.00,0.00,87.00,24.00,63.00
SO03720,2023-03-18,P008,R03,C0109,4,299.00,0.00,1196.00,380.00,816.00
SO00716,2023-03-19,P003,R07,C0016,1,1199.00,0.10,1079.10,640.00,439.10
SO00856,2023-03-19,P001,R01,C0079,1,699.00,0.10,629.10,320.00,309.10
SO01136,2023-03-19,P002,R02,C0123,1,399.00,0.10,359.10,180.00,179.10
SO01351,2023-03-19,P009,R02,C0017,4,99.00,0.00,396.00,136.00,260.00
SO01916,2023-03-19,P018,R04,C0062,1,89.00,0.00,89.00,28.00,61.00
SO02275,2023-03-19,P008,R01,C0171,4,299.00,0.10,1076.40,380.00,696.40
SO02289,2023-03-19,P015,R03,C0108,4,119.00,0.00,476.00,152.00,324.00
SO00007,2023-03-20,P006,R02,C0060,2,179.00,0.15,304.30,110.00,194.30
SO00152,2023-03-20,P017,R04,C0010,2,199.00,0.05,378.10,130.00,248.10
SO01507,2023-03-20,P005,R04,C0150,3,89.00,0.00,267.00,84.00,183.00
SO01572,2023-03-20,P008,R01,C0104,2,299.00,0.15,508.30,190.00,318.30
SO02400,2023-03-20,P013,R04,C0013,4,329.00,0.15,1118.60,440.00,678.60
SO03001,2023-03-20,P002,R03,C0049,8,399.00,0.15,2713.20,1440.00,1273.20
SO03820,2023-03-20,P003,R02,C0170,1,1199.00,0.00,1199.00,640.00,559.00
SO02134,2023-03-21,P011,R08,C0069,2,39.00,0.00,78.00,24.00,54.00
SO02613,2023-03-21,P012,R06,C0092,2,49.00,0.05,93.10,28.00,65.10
SO01279,2023-03-22,P010,R06,C0099,1,69.00,0.10,62.10,22.00,40.10
SO03185,2023-03-22,P014,R02,C0085,4,499.00,0.20,1596.80,720.00,876.80
SO03509,2023-03-22,P010,R05,C0115,1,69.00,0.00,69.00,22.00,47.00
SO00741,2023-03-23,P007,R07,C0098,2,129.00,0.00,258.00,84.00,174.00
SO02511,2023-03-23,P008,R01,C0110,2,299.00,0.00,598.00,190.00,408.00
SO00310,2023-03-24,P009,R07,C0042,1,99.00,0.00,99.00,34.00,65.00
SO02044,2023-03-24,P015,R04,C0055,2,119.00,0.00,238.00,76.00,162.00
SO02655,2023-03-25,P011,R06,C0004,1,39.00,0.10,35.10,12.00,23.10
SO03263,2023-03-25,P008,R05,C0009,1,299.00,0.00,299.00,95.00,204.00
SO03265,2023-03-25,P001,R06,C0019,1,699.00,0.00,699.00,320.00,379.00
SO00066,2023-03-26,P012,R06,C0137,1,49.00,0.10,44.10,14.00,30.10
SO00775,2023-03-26,P010,R03,C0037,1,69.00,0.00,69.00,22.00,47.00
SO02219,2023-03-26,P008,R04,C0009,3,299.00,0.00,897.00,285.00,612.00
SO02537,2023-03-26,P017,R01,C0061,5,199.00,0.05,945.25,325.00,620.25
SO02608,2023-03-26,P017,R06,C0039,4,199.00,0.00,796.00,260.00,536.00
SO02664,2023-03-26,P010,R08,C0168,3,69.00,0.00,207.00,66.00,141.00
SO02811,2023-03-26,P003,R04,C0080,5,1199.00,0.00,5995.00,3200.00,2795.00
SO02969,2023-03-26,P005,R07,C0103,5,89.00,0.05,422.75,140.00,282.75
SO03037,2023-03-26,P018,R02,C0145,2,89.00,0.00,178.00,56.00,122.00
SO03245,2023-03-26,P013,R06,C0056,2,329.00,0.00,658.00,220.00,438.00
SO00951,2023-03-27,P013,R08,C0107,2,329.00,0.00,658.00,220.00,438.00
SO01941,2023-03-27,P011,R07,C0008,1,39.00,0.05,37.05,12.00,25.05
SO02328,2023-03-27,P015,R08,C0174,1,119.00,0.15,101.15,38.00,63.15
SO02472,2023-03-27,P014,R08,C0066,1,499.00,0.05,474.05,180.00,294.05
SO01602,2023-03-28,P020,R01,C0070,1,29.00,0.00,29.00,8.00,21.00
SO02143,2023-03-28,P013,R01,C0123,2,329.00,0.00,658.00,220.00,438.00
SO02360,2023-03-28,P013,R06,C0068,1,329.00,0.10,296.10,110.00,186.10
SO02818,2023-03-28,P001,R03,C0068,1,699.00,0.20,559.20,320.00,239.20
SO02858,2023-03-28,P002,R08,C0121,5,399.00,0.00,1995.00,900.00,1095.00
SO03004,2023-03-28,P014,R02,C0057,12,499.00,0.00,5988.00,2160.00,3828.00
SO03335,2023-03-28,P004,R07,C0140,1,1899.00,0.05,1804.05,980.00,824.05
SO00495,2023-03-29,P011,R02,C0116,1,39.00,0.00,39.00,12.00,27.00
SO01454,2023-03-29,P018,R07,C0078,2,89.00,0.00,178.00,56.00,122.00
SO01988,2023-03-29,P009,R05,C0031,3,99.00,0.00,297.00,102.00,195.00
SO02800,2023-03-29,P002,R04,C0022,2,399.00,0.00,798.00,360.00,438.00
SO00868,2023-03-30,P017,R07,C0151,1,199.00,0.00,199.00,65.00,134.00
SO01023,2023-03-30,P005,R03,C0003,5,89.00,0.00,445.00,140.00,305.00
SO01116,2023-03-30,P001,R02,C0072,1,699.00,0.05,664.05,320.00,344.05
SO01752,2023-03-30,P003,R06,C0006,1,1199.00,0.10,1079.10,640.00,439.10
SO02370,2023-03-30,P009,R01,C0131,1,99.00,0.00,99.00,34.00,65.00
SO00169,2023-03-31,P006,R03,C0085,1,179.00,0.00,179.00,55.00,124.00
SO00529,2023-03-31,P002,R04,C0040,3,399.00,0.00,1197.00,540.00,657.00
SO01265,2023-03-31,P002,R07,C0140,3,399.00,0.15,1017.45,540.00,477.45
SO03488,2023-03-31,P008,R06,C0136,2,299.00,0.05,568.10,190.00,378.10
SO00608,2023-04-01,P019,R01,C0106,4,79.00,0.10,284.40,96.00,188.40
SO00717,2023-04-01,P004,R06,C0175,2,1899.00,0.00,3798.00,1960.00,1838.00
SO02447,2023-04-01,P007,R01,C0034,1,129.00,0.00,129.00,42.00,87.00
SO02528,2023-04-01,P003,R01,C0079,1,1199.00,0.05,1139.05,640.00,499.05
SO03665,2023-04-01,P001,R04,C0142,2,699.00,0.00,1398.00,640.00,758.00
SO03794,2023-04-01,P011,R04,C0076,1,39.00,0.15,33.15,12.00,21.15
SO00533,2023-04-02,P009,R07,C0013,1,99.00,0.05,94.05,34.00,60.05
SO00756,2023-04-02,P014,R07,C0141,3,499.00,0.00,1497.00,540.00,957.00
SO00879,2023-04-02,P014,R03,C0019,2,499.00,0.10,898.20,360.00,538.20
SO03718,2023-04-02,P016,R03,C0160,1,95.00,0.00,95.00,30.00,65.00
SO03816,2023-04-02,P008,R05,C0059,2,299.00,0.10,538.20,190.00,348.20
SO00235,2023-04-03,P012,R05,C0167,5,49.00,0.05,232.75,70.00,162.75
SO00575,2023-04-03,P003,R06,C0139,1,1199.00,0.05,1139.05,640.00,499.05
SO00922,2023-04-03,P005,R06,C0008,2,89.00,0.00,178.00,56.00,122.00
SO01651,2023-04-03,P011,R07,C0166,3,39.00,0.00,117.00,36.00,81.00
SO03492,2023-04-03,P004,R07,C0057,2,1899.00,0.10,3418.20,1960.00,1458.20
SO00773,2023-04-04,P017,R08,C0091,5,199.00,0.00,995.00,325.00,670.00
SO01843,2023-04-04,P008,R02,C0100,1,299.00,0.10,269.10,95.00,174.10
SO02540,2023-04-04,P004,R05,C0091,1,1899.00,0.00,1899.00,980.00,919.00
SO02638,2023-04-04,P017,R05,C0083,1,199.00,0.00,199.00,65.00,134.00
SO03602,2023-04-04,P010,R03,C0134,1,69.00,0.15,58.65,22.00,36.65
SO01278,2023-04-05,P016,R07,C0134,3,95.00,0.00,285.00,90.00,195.00
SO01441,2023-04-05,P009,R02,C0116,1,99.00,0.15,84.15,34.00,50.15
SO01510,2023-04-05,P011,R08,C0105,8,39.00,0.10,280.80,96.00,184.80
SO03508,2023-04-05,P017,R08,C0131,2,199.00,0.00,398.00,130.00,268.00
SO00306,2023-04-06,P019,R02,C0138,2,79.00,0.00,158.00,48.00,110.00
SO01519,2023-04-06,P002,R02,C0173,2,399.00,0.00,798.00,360.00,438.00
SO03784,2023-04-06,P003,R03,C0100,4,1199.00,0.00,4796.00,2560.00,2236.00
SO00043,2023-04-07,P018,R05,C0049,4,89.00,0.05,338.20,112.00,226.20
SO00559,2023-04-07,P003,R04,C0001,4,1199.00,0.00,4796.00,2560.00,2236.00
SO01543,2023-04-07,P011,R02,C0019,1,39.00,0.00,39.00,12.00,27.00
SO01852,2023-04-07,P001,R01,C0113,1,699.00,0.15,594.15,320.00,274.15
SO02292,2023-04-07,P007,R03,C0114,3,129.00,0.00,387.00,126.00,261.00
SO03563,2023-04-07,P018,R07,C0048,1,89.00,0.00,89.00,28.00,61.00
SO03583,2023-04-07,P004,R01,C0095,1,1899.00,0.05,1804.05,980.00,824.05
SO03640,2023-04-07,P006,R05,C0145,2,179.00,0.05,340.10,110.00,230.10
SO03900,2023-04-07,P018,R07,C0100,8,89.00,0.00,712.00,224.00,488.00
SO01257,2023-04-08,P006,R01,C0088,4,179.00,0.00,716.00,220.00,496.00
SO02536,2023-04-08,P005,R08,C0055,2,89.00,0.00,178.00,56.00,122.00
SO02693,2023-04-08,P017,R07,C0176,4,199.00,0.10,716.40,260.00,456.40
SO03145,2023-04-08,P014,R01,C0173,1,499.00,0.20,399.20,180.00,219.20
SO01151,2023-04-09,P003,R05,C0011,8,1199.00,0.05,9112.40,5120.00,3992.40
SO01308,2023-04-09,P008,R06,C0049,1,299.00,0.00,299.00,95.00,204.00
SO01795,2023-04-09,P005,R05,C0049,1,89.00,0.00,89.00,28.00,61.00
SO02169,2023-04-09,P016,R02,C0008,5,95.00,0.10,427.50,150.00,277.50
SO02355,2023-04-09,P011,R04,C0098,4,39.00,0.00,156.00,48.00,108.00
SO03637,2023-04-09,P009,R07,C0077,8,99.00,0.05,752.40,272.00,480.40
SO02401,2023-04-10,P015,R03,C0089,3,119.00,0.15,303.45,114.00,189.45
SO03546,2023-04-10,P019,R08,C0052,1,79.00,0.00,79.00,24.00,55.00
SO00660,2023-04-12,P015,R04,C0160,3,119.00,0.20,285.60,114.00,171.60
SO01352,2023-04-12,P013,R02,C0117,1,329.00,0.00,329.00,110.00,219.00
SO03043,2023-04-12,P016,R02,C0056,2,95.00,0.10,171.00,60.00,111.00
SO03204,2023-04-12,P019,R06,C0143,3,79.00,0.05,225.15,72.00,153.15
SO03450,2023-04-12,P001,R04,C0126,1,699.00,0.00,699.00,320.00,379.00
SO00240,2023-04-13,P009,R04,C0132,2,99.00,0.05,188.10,68.00,120.10
SO00846,2023-04-13,P016,R05,C0032,2,95.00,0.00,190.00,60.00,130.00
SO00890,2023-04-13,P006,R01,C0115,1,179.00,0.15,152.15,55.00,97.15
SO01363,2023-04-13,P014,R03,C0002,1,499.00,0.00,499.00,180.00,319.00
SO01410,2023-04-13,P014,R07,C0063,2,499.00,0.00,998.00,360.00,638.00
SO01431,2023-04-13,P007,R04,C0032,1,129.00,0.00,129.00,42.00,87.00
SO01676,2023-04-13,P002,R08,C0152,3,399.00,0.15,1017.45,540.00,477.45
SO01751,2023-04-13,P016,R07,C0175,1,95.00,0.00,95.00,30.00,65.00
SO02546,2023-04-13,P015,R01,C0028,2,119.00,0.20,190.40,76.00,114.40
SO02606,2023-04-13,P001,R01,C0044,1,699.00,0.15,594.15,320.00,274.15
SO02645,2023-04-13,P005,R04,C0048,3,89.00,0.00,267.00,84.00,183.00
SO03971,2023-04-13,P018,R05,C0137,1,89.00,0.00,89.00,28.00,61.00
SO01182,2023-04-14,P001,R07,C0060,2,699.00,0.15,1188.30,640.00,548.30
SO02899,2023-04-14,P005,R05,C0057,2,89.00,0.00,178.00,56.00,122.00
SO03661,2023-04-14,P012,R04,C0003,1,49.00,0.10,44.10,14.00,30.10
SO00321,2023-04-15,P019,R05,C0123,2,79.00,0.20,126.40,48.00,78.40
SO00497,2023-04-15,P003,R04,C0084,1,1199.00,0.00,1199.00,640.00,559.00
SO00912,2023-04-15,P013,R07,C0115,2,329.00,0.05,625.10,220.00,405.10
SO01616,2023-04-15,P007,R08,C0008,2,129.00,0.20,206.40,84.00,122.40
SO02231,2023-04-15,P012,R08,C0138,1,49.00,0.00,49.00,14.00,35.00
SO02408,2023-04-15,P010,R07,C0078,1,69.00,0.15,58.65,22.00,36.65
SO02480,2023-04-15,P007,R08,C0154,4,129.00,0.00,516.00,168.00,348.00
SO00146,2023-04-16,P001,R05,C0121,8,699.00,0.00,5592.00,2560.00,3032.00
SO01567,2023-04-16,P014,R01,C0144,1,499.00,0.00,499.00,180.00,319.00
SO00396,2023-04-17,P020,R05,C0065,5,29.00,0.15,123.25,40.00,83.25
SO00634,2023-04-17,P011,R01,C0083,5,39.00,0.00,195.00,60.00,135.00
SO00667,2023-04-17,P016,R01,C0014,4,95.00,0.05,361.00,120.00,241.00
SO02252,2023-04-17,P010,R01,C0131,1,69.00,0.15,58.65,22.00,36.65
SO02795,2023-04-17,P010,R04,C0095,4,69.00,0.20,220.80,88.00,132.80
SO03103,2023-04-17,P013,R07,C0052,1,329.00,0.00,329.00,110.00,219.00
SO03542,2023-04-17,P003,R08,C0017,5,1199.00,0.20,4796.00,3200.00,1596.00
SO03576,2023-04-17,P002,R01,C0176,3,399.00,0.00,1197.00,540.00,657.00
SO02347,2023-04-18,P011,R04,C0147,1,39.00,0.00,39.00,12.00,27.00
SO00131,2023-04-19,P007,R01,C0171,1,129.00,0.05,122.55,42.00,80.55
SO02170,2023-04-19,P018,R03,C0177,1,89.00,0.00,89.00,28.00,61.00
SO02796,2023-04-19,P008,R05,C0152,3,299.00,0.00,897.00,285.00,612.00
SO03062,2023-04-19,P001,R02,C0173,1,699.00,0.00,699.00,320.00,379.00
SO03188,2023-04-19,P020,R04,C0004,1,29.00,0.05,27.55,8.00,19.55
SO03690,2023-04-19,P019,R07,C0151,2,79.00,0.00,158.00,48.00,110.00
SO00250,2023-04-20,P003,R06,C0145,2,1199.00,0.00,2398.00,1280.00,1118.00
SO01054,2023-04-20,P015,R05,C0116,3,119.00,0.00,357.00,114.00,243.00
SO01157,2023-04-20,P008,R08,C0026,1,299.00,0.00,299.00,95.00,204.00
SO01833,2023-04-20,P003,R06,C0088,2,1199.00,0.00,2398.00,1280.00,1118.00
SO02534,2023-04-20,P014,R05,C0136,2,499.00,0.00,998.00,360.00,638.00
SO03478,2023-04-20,P014,R05,C0109,1,499.00,0.05,474.05,180.00,294.05
SO03717,2023-04-20,P001,R06,C0008,12,699.00,0.10,7549.20,3840.00,3709.20
SO00137,2023-04-21,P018,R07,C0148,1,89.00,0.00,89.00,28.00,61.00
SO02122,2023-04-21,P019,R06,C0086,1,79.00,0.05,75.05,24.00,51.05
SO03080,2023-04-21,P020,R02,C0153,1,29.00,0.05,27.55,8.00,19.55
SO03918,2023-04-21,P006,R07,C0062,3,179.00,0.00,537.00,165.00,372.00
SO01135,2023-04-22,P011,R08,C0097,1,39.00,0.05,37.05,12.00,25.05
SO01137,2023-04-22,P015,R01,C0100,8,119.00,0.00,952.00,304.00,648.00
SO01985,2023-04-22,P003,R04,C0125,5,1199.00,0.15,5095.75,3200.00,1895.75
SO03466,2023-04-22,P011,R02,C0045,5,39.00,0.00,195.00,60.00,135.00
SO01061,2023-04-23,P010,R03,C0060,1,69.00,0.05,65.55,22.00,43.55
SO01219,2023-04-23,P001,R07,C0120,4,699.00,0.00,2796.00,1280.00,1516.00
SO01442,2023-04-23,P013,R04,C0101,5,329.00,0.00,1645.00,550.00,1095.00
SO01485,2023-04-23,P020,R06,C0159,1,29.00,0.00,29.00,8.00,21.00
SO01504,2023-04-23,P017,R03,C0047,1,199.00,0.05,189.05,65.00,124.05
SO02968,2023-04-23,P019,R01,C0057,2,79.00,0.00,158.00,48.00,110.00
SO00187,2023-04-24,P016,R08,C0074,2,95.00,0.05,180.50,60.00,120.50
SO01181,2023-04-24,P003,R02,C0041,1,1199.00,0.05,1139.05,640.00,499.05
SO01299,2023-04-24,P005,R04,C0001,1,89.00,0.00,89.00,28.00,61.00
SO01532,2023-04-24,P002,R06,C0077,2,399.00,0.00,798.00,360.00,438.00
SO01836,2023-04-24,P010,R02,C0074,1,69.00,0.20,55.20,22.00,33.20
SO03279,2023-04-24,P018,R08,C0112,1,89.00,0.05,84.55,28.00,56.55
SO03714,2023-04-24,P013,R07,C0148,2,329.00,0.05,625.10,220.00,405.10
SO03876,2023-04-24,P004,R02,C0009,1,1899.00,0.15,1614.15,980.00,634.15
SO03936,2023-04-24,P010,R02,C0100,1,69.00,0.00,69.00,22.00,47.00
SO00209,2023-04-25,P006,R03,C0097,2,179.00,0.00,358.00,110.00,248.00
SO00798,2023-04-25,P007,R02,C0131,2,129.00,0.00,258.00,84.00,174.00
SO01167,2023-04-25,P006,R04,C0050,1,179.00,0.20,143.20,55.00,88.20
SO01210,2023-04-25,P017,R01,C0074,1,199.00,0.05,189.05,65.00,124.05
SO01491,2023-04-25,P007,R07,C0017,1,129.00,0.00,129.00,42.00,87.00
SO02329,2023-04-25,P020,R07,C0093,4,29.00,0.10,104.40,32.00,72.40
SO00233,2023-04-26,P006,R03,C0140,2,179.00,0.10,322.20,110.00,212.20
SO00783,2023-04-26,P015,R03,C0064,1,119.00,0.00,119.00,38.00,81.00
SO00953,2023-04-26,P001,R04,C0046,1,699.00,0.05,664.05,320.00,344.05
SO01702,2023-04-26,P008,R04,C0161,1,299.00,0.00,299.00,95.00,204.00
SO01899,2023-04-26,P010,R05,C0138,2,69.00,0.00,138.00,44.00,94.00
SO02113,2023-04-26,P006,R06,C0141,3,179.00,0.00,537.00,165.00,372.00
SO02264,2023-04-26,P011,R03,C0068,4,39.00,0.05,148.20,48.00,100.20
SO03350,2023-04-26,P012,R01,C0175,3,49.00,0.20,117.60,42.00,75.60
SO01859,2023-04-27,P012,R04,C0078,4,49.00,0.05,186.20,56.00,130.20
SO02718,2023-04-27,P014,R07,C0086,1,499.00,0.00,499.00,180.00,319.00
SO03118,2023-04-27,P004,R03,C0024,2,1899.00,0.00,3798.00,1960.00,1838.00
SO00191,2023-04-28,P018,R08,C0088,2,89.00,0.05,169.10,56.00,113.10
SO00248,2023-04-28,P012,R01,C0129,3,49.00,0.05,139.65,42.00,97.65
SO00303,2023-04-28,P003,R02,C0068,4,1199.00,0.05,4556.20,2560.00,1996.20
SO00402,2023-04-28,P007,R02,C0079,1,129.00,0.15,109.65,42.00,67.65
SO00532,2023-04-28,P001,R05,C0178,5,699.00,0.00,3495.00,1600.00,1895.00
SO00915,2023-04-28,P003,R01,C0166,3,1199.00,0.15,3057.45,1920.00,1137.45
SO01328,2023-04-28,P016,R02,C0018,1,95.00,0.15,80.75,30.00,50.75
SO02036,2023-04-28,P008,R06,C0018,1,299.00,0.00,299.00,95.00,204.00
SO02164,2023-04-28,P003,R08,C0006,2,1199.00,0.05,2278.10,1280.00,998.10
SO02310,2023-04-28,P006,R07,C0154,1,179.00,0.00,179.00,55.00,124.00
SO00880,2023-04-29,P012,R06,C0116,3,49.00,0.00,147.00,42.00,105.00
SO02265,2023-04-29,P011,R07,C0113,1,39.00,0.00,39.00,12.00,27.00
SO00349,2023-04-30,P019,R01,C0161,3,79.00,0.15,201.45,72.00,129.45
SO00693,2023-04-30,P020,R02,C0082,1,29.00,0.00,29.00,8.00,21.00
SO01068,2023-04-30,P010,R05,C0051,8,69.00,0.05,524.40,176.00,348.40
SO02112,2023-04-30,P012,R01,C0062,8,49.00,0.15,333.20,112.00,221.20
SO02377,2023-04-30,P011,R01,C0078,2,39.00,0.00,78.00,24.00,54.00
SO02428,2023-04-30,P011,R01,C0171,2,39.00,0.00,78.00,24.00,54.00
SO02976,2023-04-30,P003,R06,C0016,3,1199.00,0.05,3417.15,1920.00,1497.15
SO03014,2023-04-30,P011,R04,C0085,5,39.00,0.05,185.25,60.00,125.25
SO01771,2023-05-01,P010,R08,C0076,2,69.00,0.05,131.10,44.00,87.10
SO02184,2023-05-01,P016,R05,C0101,1,95.00,0.20,76.00,30.00,46.00
SO02303,2023-05-01,P001,R01,C0041,1,699.00,0.00,699.00,320.00,379.00
SO02640,2023-05-01,P015,R04,C0130,1,119.00,0.00,119.00,38.00,81.00
SO02860,2023-05-01,P014,R05,C0061,1,499.00,0.00,499.00,180.00,319.00
SO03071,2023-05-01,P018,R04,C0001,1,89.00,0.00,89.00,28.00,61.00
SO00217,2023-05-02,P017,R02,C0143,2,199.00,0.00,398.00,130.00,268.00
SO01595,2023-05-02,P004,R08,C0088,1,1899.00,0.00,1899.00,980.00,919.00
SO02794,2023-05-02,P013,R04,C0180,1,329.00,0.15,279.65,110.00,169.65
SO00340,2023-05-03,P010,R06,C0151,1,69.00,0.00,69.00,22.00,47.00
SO00352,2023-05-03,P015,R08,C0144,12,119.00,0.00,1428.00,456.00,972.00
SO00849,2023-05-03,P015,R05,C0058,8,119.00,0.10,856.80,304.00,552.80
SO01726,2023-05-03,P016,R04,C0069,3,95.00,0.00,285.00,90.00,195.00
SO02886,2023-05-03,P015,R06,C0067,3,119.00,0.00,357.00,114.00,243.00
SO00231,2023-05-04,P018,R06,C0061,2,89.00,0.05,169.10,56.00,113.10
SO00817,2023-05-04,P015,R08,C0171,1,119.00,0.10,107.10,38.00,69.10
SO00980,2023-05-04,P020,R05,C0002,3,29.00,0.00,87.00,24.00,63.00
SO01098,2023-05-04,P016,R03,C0045,5,95.00,0.15,403.75,150.00,253.75
SO01787,2023-05-04,P007,R03,C0177,3,129.00,0.20,309.60,126.00,183.60
SO03676,2023-05-04,P005,R02,C0046,1,89.00,0.00,89.00,28.00,61.00
SO03886,2023-05-04,P019,R06,C0063,1,79.00,0.00,79.00,24.00,55.00
SO03892,2023-05-04,P013,R01,C0087,12,329.00,0.00,3948.00,1320.00,2628.00
SO00993,2023-05-05,P015,R04,C0079,1,119.00,0.00,119.00,38.00,81.00
SO01343,2023-05-05,P007,R04,C0166,1,129.00,0.00,129.00,42.00,87.00
SO01548,2023-05-05,P011,R03,C0052,1,39.00,0.00,39.00,12.00,27.00
SO02060,2023-05-05,P014,R08,C0176,3,499.00,0.00,1497.00,540.00,957.00
SO02114,2023-05-05,P019,R07,C0017,3,79.00,0.00,237.00,72.00,165.00
SO02471,2023-05-05,P010,R06,C0121,3,69.00,0.00,207.00,66.00,141.00
SO02891,2023-05-05,P013,R08,C0023,1,329.00,0.10,296.10,110.00,186.10
SO03604,2023-05-05,P004,R06,C0025,3,1899.00,0.00,5697.00,2940.00,2757.00
SO03547,2023-05-06,P005,R03,C0072,3,89.00,0.05,253.65,84.00,169.65
SO03609,2023-05-06,P017,R07,C0175,5,199.00,0.05,945.25,325.00,620.25
SO00600,2023-05-07,P018,R06,C0136,1,89.00,0.05,84.55,28.00,56.55
SO01386,2023-05-07,P012,R04,C0179,1,49.00,0.10,44.10,14.00,30.10
SO01403,2023-05-07,P007,R08,C0103,2,129.00,0.10,232.20,84.00,148.20
SO01668,2023-05-07,P002,R02,C0052,12,399.00,0.00,4788.00,2160.00,2628.00
SO02409,2023-05-07,P010,R01,C0092,2,69.00,0.00,138.00,44.00,94.00
SO00957,2023-05-08,P017,R06,C0073,1,199.00,0.00,199.00,65.00,134.00
SO01802,2023-05-08,P010,R08,C0040,1,69.00,0.10,62.10,22.00,40.10
SO02879,2023-05-08,P016,R05,C0116,4,95.00,0.05,361.00,120.00,241.00
SO03387,2023-05-08,P004,R08,C0110,2,1899.00,0.05,3608.10,1960.00,1648.10
SO03591,2023-05-08,P007,R08,C0071,2,129.00,0.00,258.00,84.00,174.00
SO00221,2023-05-09,P017,R06,C0125,1,199.00,0.10,179.10,65.00,114.10
SO00638,2023-05-09,P020,R01,C0147,4,29.00,0.00,116.00,32.00,84.00
SO01059,2023-05-09,P004,R03,C0050,1,1899.00,0.15,1614.15,980.00,634.15
SO01184,2023-05-09,P006,R02,C0002,1,179.00,0.00,179.00,55.00,124.00
SO02142,2023-05-09,P016,R04,C0030,1,95.00,0.00,95.00,30.00,65.00
SO00178,2023-05-10,P017,R06,C0024,2,199.00,0.00,398.00,130.00,268.00
SO00200,2023-05-10,P019,R08,C0004,1,79.00,0.00,79.00,24.00,55.00
SO00829,2023-05-10,P015,R07,C0045,2,119.00,0.00,238.00,76.00,162.00
SO02967,2023-05-10,P016,R02,C0180,1,95.00,0.00,95.00,30.00,65.00
SO03573,2023-05-10,P016,R03,C0048,1,95.00,0.00,95.00,30.00,65.00
SO00108,2023-05-11,P017,R01,C0076,3,199.00,0.00,597.00,195.00,402.00
SO00176,2023-05-11,P019,R04,C0032,5,79.00,0.15,335.75,120.00,215.75
SO00317,2023-05-11,P014,R01,C0144,1,499.00,0.00,499.00,180.00,319.00
SO01301,2023-05-11,P015,R06,C0098,2,119.00,0.00,238.00,76.00,162.00
SO02931,2023-05-11,P012,R06,C0089,2,49.00,0.15,83.30,28.00,55.30
SO03671,2023-05-11,P015,R06,C0067,1,119.00,0.10,107.10,38.00,69.10
SO01642,2023-05-12,P003,R03,C0176,8,1199.00,0.10,8632.80,5120.00,3512.80
SO02309,2023-05-12,P006,R07,C0106,3,179.00,0.00,537.00,165.00,372.00
SO02464,2023-05-12,P019,R06,C0069,5,79.00,0.05,375.25,120.00,255.25
SO00161,2023-05-13,P013,R04,C0033,1,329.00,0.00,329.00,110.00,219.00
SO02422,2023-05-13,P008,R03,C0140,2,299.00,0.05,568.10,190.00,378.10
SO02565,2023-05-13,P001,R03,C0174,1,699.00,0.00,699.00,320.00,379.00
SO03203,2023-05-13,P011,R05,C0086,8,39.00,0.15,265.20,96.00,169.20
SO03526,2023-05-13,P001,R05,C0176,3,699.00,0.00,2097.00,960.00,1137.00
SO00828,2023-05-14,P013,R07,C0041,1,329.00,0.00,329.00,110.00,219.00
SO01066,2023-05-14,P017,R04,C0017,2,199.00,0.05,378.10,130.00,248.10
SO02285,2023-05-14,P014,R07,C0117,3,499.00,0.20,1197.60,540.00,657.60
SO03107,2023-05-14,P005,R05,C0176,2,89.00,0.05,169.10,56.00,113.10
SO00560,2023-05-15,P004,R03,C0098,12,1899.00,0.20,18230.40,11760.00,6470.40
SO00796,2023-05-15,P008,R03,C0126,1,299.00,0.00,299.00,95.00,204.00
SO01737,2023-05-15,P009,R06,C0098,3,99.00,0.20,237.60,102.00,135.60
SO02626,2023-05-15,P018,R03,C0168,1,89.00,0.10,80.10,28.00,52.10
SO02912,2023-05-15,P019,R06,C0034,2,79.00,0.00,158.00,48.00,110.00
SO03272,2023-05-15,P020,R05,C0069,8,29.00,0.00,232.00,64.00,168.00
SO00591,2023-05-16,P016,R07,C0115,3,95.00,0.00,285.00,90.00,195.00
SO00815,2023-05-16,P013,R01,C0058,4,329.00,0.00,1316.00,440.00,876.00
SO01045,2023-05-16,P014,R04,C0114,2,499.00,0.10,898.20,360.00,538.20
SO01414,2023-05-16,P006,R06,C0061,2,179.00,0.10,322.20,110.00,212.20
SO01666,2023-05-16,P004,R02,C0058,4,1899.00,0.05,7216.20,3920.00,3296.20
SO01687,2023-05-16,P010,R02,C0098,3,69.00,0.15,175.95,66.00,109.95
SO02406,2023-05-16,P002,R04,C0141,1,399.00,0.00,399.00,180.00,219.00
SO02520,2023-05-16,P003,R06,C0020,3,1199.00,0.15,3057.45,1920.00,1137.45
SO02932,2023-05-16,P018,R08,C0066,2,89.00,0.10,160.20,56.00,104.20
SO03061,2023-05-16,P009,R06,C0060,1,99.00,0.10,89.10,34.00,55.10
SO03586,2023-05-16,P007,R08,C0150,2,129.00,0.05,245.10,84.00,161.10
SO00102,2023-05-17,P009,R01,C0035,4,99.00,0.05,376.20,136.00,240.20
SO01147,2023-05-17,P013,R02,C0045,3,329.00,0.00,987.00,330.00,657.00
SO01313,2023-05-17,P020,R02,C0003,1,29.00,0.00,29.00,8.00,21.00
SO01553,2023-05-17,P017,R08,C0170,4,199.00,0.00,796.00,260.00,536.00
SO01993,2023-05-17,P001,R02,C0042,1,699.00,0.00,699.00,320.00,379.00
SO03945,2023-05-17,P016,R08,C0017,2,95.00,0.00,190.00,60.00,130.00
SO01309,2023-05-18,P001,R06,C0175,2,699.00,0.15,1188.30,640.00,548.30
SO00654,2023-05-19,P019,R02,C0092,1,79.00,0.00,79.00,24.00,55.00
SO01139,2023-05-19,P004,R04,C0138,3,1899.00,0.20,4557.60,2940.00,1617.60
SO02362,2023-05-19,P016,R01,C0078,1,95.00,0.20,76.00,30.00,46.00
SO02526,2023-05-19,P007,R08,C0011,1,129.00,0.00,129.00,42.00,87.00
SO02529,2023-05-19,P008,R03,C0133,1,299.00,0.00,299.00,95.00,204.00
SO02770,2023-05-19,P005,R06,C0032,2,89.00,0.00,178.00,56.00,122.00
SO02964,2023-05-19,P001,R08,C0045,2,699.00,0.10,1258.20,640.00,618.20
SO00421,2023-05-20,P017,R02,C0165,2,199.00,0.00,398.00,130.00,268.00
SO00565,2023-05-20,P014,R01,C0002,1,499.00,0.10,449.10,180.00,269.10
SO01725,2023-05-20,P016,R06,C0146,2,95.00,0.10,171.00,60.00,111.00
SO02614,2023-05-20,P014,R04,C0150,1,499.00,0.00,499.00,180.00,319.00
SO02949,2023-05-20,P020,R05,C0039,2,29.00,0.15,49.30,16.00,33.30
SO03807,2023-05-20,P018,R04,C0016,2,89.00,0.00,178.00,56.00,122.00
SO03896,2023-05-20,P016,R08,C0090,5,95.00,0.00,475.00,150.00,325.00
SO00461,2023-05-21,P007,R04,C0070,1,129.00,0.00,129.00,42.00,87.00
SO01775,2023-05-21,P007,R01,C0031,3,129.00,0.05,367.65,126.00,241.65
SO01868,2023-05-21,P010,R03,C0112,1,69.00,0.15,58.65,22.00,36.65
SO02790,2023-05-21,P010,R05,C0175,2,69.00,0.05,131.10,44.00,87.10
SO02951,2023-05-21,P012,R03,C0068,8,49.00,0.00,392.00,112.00,280.00
SO03862,2023-05-21,P013,R07,C0113,1,329.00,0.00,329.00,110.00,219.00
SO01613,2023-05-22,P020,R07,C0037,3,29.00,0.00,87.00,24.00,63.00
SO03814,2023-05-22,P020,R08,C0058,1,29.00,0.10,26.10,8.00,18.10
SO03916,2023-05-22,P016,R08,C0148,1,95.00,0.00,95.00,30.00,65.00
SO01736,2023-05-23,P013,R02,C0091,1,329.00,0.20,263.20,110.00,153.20
SO01847,2023-05-23,P015,R04,C0132,5,119.00,0.00,595.00,190.00,405.00
SO02636,2023-05-23,P011,R03,C0063,2,39.00,0.00,78.00,24.00,54.00
SO02720,2023-05-23,P006,R02,C0046,1,179.00,0.10,161.10,55.00,106.10
SO02896,2023-05-23,P007,R03,C0056,2,129.00,0.15,219.30,84.00,135.30
SO03261,2023-05-23,P020,R06,C0074,1,29.00,0.05,27.55,8.00,19.55
SO03725,2023-05-23,P011,R01,C0078,2,39.00,0.00,78.00,24.00,54.00
SO00331,2023-05-24,P009,R02,C0050,1,99.00,0.00,99.00,34.00,65.00
SO01405,2023-05-24,P006,R06,C0161,1,179.00,0.00,179.00,55.00,124.00
SO01516,2023-05-24,P003,R02,C0134,4,1199.00,0.00,4796.00,2560.00,2236.00
SO01976,2023-05-24,P011,R05,C0012,3,39.00,0.05,111.15,36.00,75.15
SO03292,2023-05-24,P002,R01,C0014,8,399.00,0.05,3032.40,1440.00,1592.40
SO00420,2023-05-25,P019,R01,C0173,1,79.00,0.00,79.00,24.00,55.00
SO00531,2023-05-25,P013,R04,C0073,1,329.00,0.00,329.00,110.00,219.00
SO00592,2023-05-25,P014,R02,C0014,1,499.00,0.00,499.00,180.00,319.00
SO01153,2023-05-25,P018,R02,C0142,1,89.00,0.20,71.20,28.00,43.20
SO03744,2023-05-25,P001,R06,C0139,1,699.00,0.00,699.00,320.00,379.00
SO00540,2023-05-26,P010,R02,C0005,1,69.00,0.00,69.00,22.00,47.00
SO01617,2023-05-26,P012,R04,C0108,4,49.00,0.00,196.00,56.00,140.00
SO03013,2023-05-26,P012,R02,C0164,3,49.00,0.00,147.00,42.00,105.00
SO03227,2023-05-26,P017,R07,C0006,2,199.00,0.15,338.30,130.00,208.30
SO03873,2023-05-26,P005,R04,C0045,3,89.00,0.05,253.65,84.00,169.65
SO00238,2023-05-27,P016,R03,C0069,1,95.00,0.15,80.75,30.00,50.75
SO00239,2023-05-27,P013,R06,C0115,2,329.00,0.00,658.00,220.00,438.00
SO00587,2023-05-27,P009,R07,C0036,3,99.00,0.00,297.00,102.00,195.00
SO01133,2023-05-27,P003,R04,C0159,1,1199.00,0.00,1199.00,640.00,559.00
SO01401,2023-05-27,P003,R07,C0158,1,1199.00,0.00,1199.00,640.00,559.00
SO02922,2023-05-27,P010,R03,C0117,1,69.00,0.00,69.00,22.00,47.00
SO03076,2023-05-27,P016,R02,C0039,2,95.00,0.00,190.00,60.00,130.00
SO03195,2023-05-27,P016,R03,C0162,1,95.00,0.00,95.00,30.00,65.00
SO00640,2023-05-28,P006,R08,C0164,1,179.00,0.00,179.00,55.00,124.00
SO02236,2023-05-28,P011,R01,C0178,1,39.00,0.10,35.10,12.00,23.10
SO03047,2023-05-28,P003,R04,C0121,4,1199.00,0.00,4796.00,2560.00,2236.00
SO03597,2023-05-28,P006,R03,C0164,2,179.00,0.10,322.20,110.00,212.20
SO00364,2023-05-29,P010,R07,C0075,3,69.00,0.05,196.65,66.00,130.65
SO01644,2023-05-29,P002,R06,C0063,2,399.00,0.00,798.00,360.00,438.00
SO02055,2023-05-29,P016,R08,C0145,1,95.00,0.00,95.00,30.00,65.00
SO02970,2023-05-29,P017,R05,C0051,1,199.00,0.00,199.00,65.00,134.00
SO03527,2023-05-29,P006,R02,C0141,3,179.00,0.00,537.00,165.00,372.00
SO00664,2023-05-30,P012,R08,C0017,1,49.00,0.10,44.10,14.00,30.10
SO01314,2023-05-30,P008,R03,C0040,8,299.00,0.00,2392.00,760.00,1632.00
SO03377,2023-05-30,P006,R05,C0166,3,179.00,0.00,537.00,165.00,372.00
SO00506,2023-05-31,P019,R07,C0028,1,79.00,0.10,71.10,24.00,47.10
SO00885,2023-05-31,P008,R01,C0097,1,299.00,0.15,254.15,95.00,159.15
SO01498,2023-05-31,P005,R01,C0004,1,89.00,0.00,89.00,28.00,61.00
SO01862,2023-05-31,P013,R03,C0131,2,329.00,0.00,658.00,220.00,438.00
SO02093,2023-05-31,P019,R07,C0159,1,79.00,0.00,79.00,24.00,55.00
SO02660,2023-05-31,P009,R01,C0102,1,99.00,0.00,99.00,34.00,65.00
SO03100,2023-05-31,P004,R04,C0004,2,1899.00,0.15,3228.30,1960.00,1268.30
SO03226,2023-05-31,P001,R08,C0071,1,699.00,0.00,699.00,320.00,379.00
SO03822,2023-05-31,P001,R05,C0164,2,699.00,0.00,1398.00,640.00,758.00
SO00076,2023-06-01,P010,R04,C0023,5,69.00,0.05,327.75,110.00,217.75
SO01565,2023-06-01,P016,R08,C0132,2,95.00,0.00,190.00,60.00,130.00
SO01727,2023-06-01,P020,R01,C0174,1,29.00,0.00,29.00,8.00,21.00
SO02111,2023-06-01,P006,R07,C0005,5,179.00,0.05,850.25,275.00,575.25
SO02476,2023-06-01,P007,R07,C0136,1,129.00,0.00,129.00,42.00,87.00
SO02854,2023-06-01,P014,R05,C0144,4,499.00,0.10,1796.40,720.00,1076.40
SO02878,2023-06-01,P005,R05,C0003,1,89.00,0.00,89.00,28.00,61.00
SO03837,2023-06-01,P020,R08,C0087,2,29.00,0.15,49.30,16.00,33.30
SO00180,2023-06-02,P004,R02,C0040,3,1899.00,0.10,5127.30,2940.00,2187.30
SO01831,2023-06-02,P016,R04,C0082,12,95.00,0.00,1140.00,360.00,780.00
SO02549,2023-06-02,P012,R05,C0072,1,49.00,0.15,41.65,14.00,27.65
SO03409,2023-06-02,P010,R03,C0028,2,69.00,0.00,138.00,44.00,94.00
SO03473,2023-06-02,P019,R02,C0061,8,79.00,0.00,632.00,192.00,440.00
SO00988,2023-06-03,P017,R04,C0032,1,199.00,0.05,189.05,65.00,124.05
SO01052,2023-06-03,P010,R05,C0139,1,69.00,0.00,69.00,22.00,47.00
SO01253,2023-06-03,P020,R01,C0144,1,29.00,0.00,29.00,8.00,21.00
SO01418,2023-06-03,P005,R06,C0160,4,89.00,0.05,338.20,112.00,226.20
SO00676,2023-06-04,P003,R07,C0020,1,1199.00,0.00,1199.00,640.00,559.00
SO01465,2023-06-04,P007,R02,C0131,1,129.00,0.00,129.00,42.00,87.00
SO02699,2023-06-04,P008,R02,C0021,3,299.00,0.00,897.00,285.00,612.00
SO02701,2023-06-04,P008,R01,C0141,3,299.00,0.10,807.30,285.00,522.30
SO03674,2023-06-04,P019,R06,C0026,8,79.00,0.00,632.00,192.00,440.00
SO01187,2023-06-05,P013,R06,C0098,3,329.00,0.00,987.00,330.00,657.00
SO02337,2023-06-05,P008,R06,C0032,2,299.00,0.10,538.20,190.00,348.20
SO02677,2023-06-05,P007,R03,C0017,5,129.00,0.00,645.00,210.00,435.00
SO00280,2023-06-06,P011,R04,C0078,1,39.00,0.05,37.05,12.00,25.05
SO00985,2023-06-06,P012,R02,C0079,3,49.00,0.05,139.65,42.00,97.65
SO01260,2023-06-06,P016,R01,C0006,2,95.00,0.20,152.00,60.00,92.00
SO02147,2023-06-06,P009,R01,C0125,1,99.00,0.00,99.00,34.00,65.00
SO03102,2023-06-06,P003,R08,C0010,2,1199.00,0.05,2278.10,1280.00,998.10
SO00182,2023-06-07,P018,R04,C0079,3,89.00,0.10,240.30,84.00,156.30
SO00256,2023-06-07,P003,R01,C0051,1,1199.00,0.00,1199.00,640.00,559.00
SO00520,2023-06-07,P019,R05,C0053,3,79.00,0.00,237.00,72.00,165.00
SO01069,2023-06-07,P014,R06,C0116,5,499.00,0.10,2245.50,900.00,1345.50
SO02120,2023-06-07,P011,R05,C0025,2,39.00,0.00,78.00,24.00,54.00
SO02152,2023-06-07,P007,R05,C0017,3,129.00,0.00,387.00,126.00,261.00
SO02493,2023-06-07,P009,R06,C0028,1,99.00,0.00,99.00,34.00,65.00
SO03897,2023-06-07,P013,R05,C0008,2,329.00,0.00,658.00,220.00,438.00
SO00481,2023-06-08,P018,R03,C0042,1,89.00,0.10,80.10,28.00,52.10
SO00963,2023-06-08,P017,R01,C0078,2,199.00,0.05,378.10,130.00,248.10
SO00992,2023-06-08,P001,R05,C0144,5,699.00,0.10,3145.50,1600.00,1545.50
SO01392,2023-06-08,P010,R04,C0175,3,69.00,0.05,196.65,66.00,130.65
SO01717,2023-06-08,P014,R06,C0052,1,499.00,0.00,499.00,180.00,319.00
SO02500,2023-06-08,P003,R01,C0019,2,1199.00,0.10,2158.20,1280.00,878.20
SO00861,2023-06-09,P007,R05,C0090,2,129.00,0.00,258.00,84.00,174.00
SO01018,2023-06-09,P011,R04,C0058,2,39.00,0.05,74.10,24.00,50.10
SO02248,2023-06-09,P008,R08,C0140,1,299.00,0.00,299.00,95.00,204.00
SO02461,2023-06-09,P001,R06,C0115,1,699.00,0.05,664.05,320.00,344.05
SO01956,2023-06-10,P017,R02,C0110,2,199.00,0.00,398.00,130.00,268.00
SO02320,2023-06-10,P004,R01,C0051,1,1899.00,0.10,1709.10,980.00,729.10
SO02404,2023-06-10,P011,R03,C0107,2,39.00,0.10,70.20,24.00,46.20
SO02765,2023-06-10,P010,R05,C0092,2,69.00,0.15,117.30,44.00,73.30
SO02862,2023-06-10,P004,R02,C0160,3,1899.00,0.05,5412.15,2940.00,2472.15
SO03655,2023-06-10,P003,R02,C0096,3,1199.00,0.15,3057.45,1920.00,1137.45
SO03683,2023-06-10,P020,R04,C0018,1,29.00,0.10,26.10,8.00,18.10
SO00468,2023-06-11,P011,R02,C0071,2,39.00,0.00,78.00,24.00,54.00
SO01273,2023-06-11,P005,R08,C0120,2,89.00,0.00,178.00,56.00,122.00
SO01435,2023-06-11,P017,R04,C0081,3,199.00,0.00,597.00,195.00,402.00
SO02825,2023-06-11,P009,R01,C0029,4,99.00,0.00,396.00,136.00,260.00
SO03480,2023-06-11,P001,R04,C0171,2,699.00,0.00,1398.00,640.00,758.00
SO03849,2023-06-11,P009,R06,C0083,2,99.00,0.10,178.20,68.00,110.20
SO00463,2023-06-12,P017,R02,C0139,2,199.00,0.05,378.10,130.00,248.10
SO00632,2023-06-12,P010,R03,C0089,2,69.00,0.10,124.20,44.00,80.20
SO00779,2023-06-12,P003,R06,C0129,1,1199.00,0.00,1199.00,640.00,559.00
SO00938,2023-06-12,P007,R03,C0139,4,129.00,0.10,464.40,168.00,296.40
SO01530,2023-06-12,P010,R04,C0091,2,69.00,0.00,138.00,44.00,94.00
SO01974,2023-06-12,P004,R07,C0036,1,1899.00,0.00,1899.00,980.00,919.00
SO02149,2023-06-12,P002,R07,C0105,2,399.00,0.00,798.00,360.00,438.00
SO02224,2023-06-12,P013,R07,C0054,1,329.00,0.15,279.65,110.00,169.65
SO03748,2023-06-12,P020,R08,C0066,1,29.00,0.10,26.10,8.00,18.10
SO03877,2023-06-12,P010,R07,C0065,12,69.00,0.05,786.60,264.00,522.60
SO00376,2023-06-13,P009,R05,C0010,1,99.00,0.05,94.05,34.00,60.05
SO02110,2023-06-13,P001,R03,C0048,2,699.00,0.20,1118.40,640.00,478.40
SO03948,2023-06-13,P005,R05,C0006,3,89.00,0.00,267.00,84.00,183.00
SO00452,2023-06-14,P002,R08,C0027,1,399.00,0.00,399.00,180.00,219.00
SO00706,2023-06-14,P015,R01,C0091,12,119.00,0.10,1285.20,456.00,829.20
SO01366,2023-06-14,P006,R04,C0003,4,179.00,0.00,716.00,220.00,496.00
SO01791,2023-06-14,P006,R05,C0092,3,179.00,0.10,483.30,165.00,318.30
SO02952,2023-06-14,P008,R02,C0048,5,299.00,0.00,1495.00,475.00,1020.00
SO03599,2023-06-14,P016,R08,C0127,3,95.00,0.00,285.00,90.00,195.00
SO03844,2023-06-14,P007,R07,C0170,1,129.00,0.00,129.00,42.00,87.00
SO00690,2023-06-15,P020,R02,C0126,1,29.00,0.00,29.00,8.00,21.00
SO01211,2023-06-15,P020,R08,C0052,3,29.00,0.10,78.30,24.00,54.30
SO00491,2023-06-16,P016,R04,C0036,4,95.00,0.00,380.00,120.00,260.00
SO00894,2023-06-16,P013,R07,C0010,3,329.00,0.05,937.65,330.00,607.65
SO01131,2023-06-16,P016,R07,C0178,3,95.00,0.00,285.00,90.00,195.00
SO01531,2023-06-16,P007,R02,C0091,1,129.00,0.10,116.10,42.00,74.10
SO02792,2023-06-16,P020,R05,C0020,1,29.00,0.00,29.00,8.00,21.00
SO02950,2023-06-16,P012,R02,C0045,2,49.00,0.20,78.40,28.00,50.40
SO03306,2023-06-16,P012,R05,C0024,3,49.00,0.10,132.30,42.00,90.30
SO03560,2023-06-16,P019,R03,C0180,2,79.00,0.00,158.00,48.00,110.00
SO00354,2023-06-17,P013,R05,C0069,2,329.00,0.00,658.00,220.00,438.00
SO02612,2023-06-17,P003,R06,C0086,8,1199.00,0.00,9592.00,5120.00,4472.00
SO03057,2023-06-17,P005,R04,C0148,2,89.00,0.00,178.00,56.00,122.00
SO03412,2023-06-17,P015,R08,C0094,3,119.00,0.00,357.00,114.00,243.00
SO03499,2023-06-17,P015,R04,C0060,2,119.00,0.10,214.20,76.00,138.20
SO03823,2023-06-17,P003,R05,C0086,2,1199.00,0.00,2398.00,1280.00,1118.00
SO03946,2023-06-17,P006,R02,C0051,1,179.00,0.05,170.05,55.00,115.05
SO00024,2023-06-18,P005,R03,C0174,2,89.00,0.00,178.00,56.00,122.00
SO00790,2023-06-18,P009,R07,C0167,2,99.00,0.15,168.30,68.00,100.30
SO01110,2023-06-18,P020,R01,C0013,4,29.00,0.20,92.80,32.00,60.80
SO01577,2023-06-18,P018,R04,C0108,1,89.00,0.00,89.00,28.00,61.00
SO02263,2023-06-18,P012,R04,C0164,5,49.00,0.00,245.00,70.00,175.00
SO02371,2023-06-18,P011,R07,C0145,3,39.00,0.20,93.60,36.00,57.60
SO02676,2023-06-18,P003,R06,C0135,2,1199.00,0.10,2158.20,1280.00,878.20
SO02852,2023-06-18,P007,R05,C0045,5,129.00,0.00,645.00,210.00,435.00
SO03302,2023-06-18,P005,R04,C0136,1,89.00,0.10,80.10,28.00,52.10
SO00196,2023-06-19,P011,R06,C0132,1,39.00,0.05,37.05,12.00,25.05
SO01327,2023-06-19,P010,R04,C0176,2,69.00,0.05,131.10,44.00,87.10
SO01430,2023-06-19,P018,R01,C0110,8,89.00,0.00,712.00,224.00,488.00
SO02378,2023-06-19,P018,R06,C0102,3,89.00,0.00,267.00,84.00,183.00
SO00084,2023-06-20,P011,R08,C0061,2,39.00,0.00,78.00,24.00,54.00
SO01062,2023-06-20,P005,R04,C0077,2,89.00,0.10,160.20,56.00,104.20
SO00526,2023-06-21,P005,R06,C0015,5,89.00,0.00,445.00,140.00,305.00
SO00615,2023-06-21,P001,R03,C0080,2,699.00,0.00,1398.00,640.00,758.00
SO00722,2023-06-21,P010,R06,C0146,1,69.00,0.00,69.00,22.00,47.00
SO00724,2023-06-21,P003,R05,C0033,1,1199.00,0.20,959.20,640.00,319.20
SO01404,2023-06-21,P013,R03,C0037,1,329.00,0.00,329.00,110.00,219.00
SO03196,2023-06-21,P004,R01,C0152,5,1899.00,0.15,8070.75,4900.00,3170.75
SO03915,2023-06-21,P001,R01,C0041,12,699.00,0.05,7968.60,3840.00,4128.60
SO01488,2023-06-22,P009,R05,C0057,2,99.00,0.10,178.20,68.00,110.20
SO02067,2023-06-22,P014,R07,C0062,2,499.00,0.05,948.10,360.00,588.10
SO02350,2023-06-22,P016,R07,C0036,4,95.00,0.10,342.00,120.00,222.00
SO02845,2023-06-22,P008,R04,C0168,1,299.00,0.00,299.00,95.00,204.00
SO02877,2023-06-22,P003,R06,C0154,4,1199.00,0.00,4796.00,2560.00,2236.00
SO00812,2023-06-23,P001,R07,C0176,5,699.00,0.15,2970.75,1600.00,1370.75
SO01953,2023-06-23,P014,R05,C0002,3,499.00,0.05,1422.15,540.00,882.15
SO03137,2023-06-23,P020,R04,C0130,5,29.00,0.00,145.00,40.00,105.00
SO00449,2023-06-24,P003,R04,C0109,4,1199.00,0.00,4796.00,2560.00,2236.00
SO01634,2023-06-24,P020,R01,C0150,1,29.00,0.10,26.10,8.00,18.10
SO01740,2023-06-24,P006,R02,C0043,1,179.00,0.05,170.05,55.00,115.05
SO02311,2023-06-24,P010,R08,C0054,3,69.00,0.00,207.00,66.00,141.00
SO03257,2023-06-24,P009,R05,C0142,4,99.00,0.05,376.20,136.00,240.20
SO00535,2023-06-25,P015,R04,C0005,1,119.00,0.20,95.20,38.00,57.20
SO01536,2023-06-25,P006,R06,C0154,2,179.00,0.20,286.40,110.00,176.40
SO02188,2023-06-25,P013,R01,C0080,3,329.00,0.00,987.00,330.00,657.00
SO02266,2023-06-25,P002,R01,C0129,1,399.00,0.05,379.05,180.00,199.05
SO02375,2023-06-25,P020,R02,C0040,2,29.00,0.00,58.00,16.00,42.00
SO02695,2023-06-25,P018,R04,C0067,1,89.00,0.00,89.00,28.00,61.00
SO02753,2023-06-25,P009,R05,C0087,3,99.00,0.10,267.30,102.00,165.30
SO03099,2023-06-25,P002,R05,C0015,3,399.00,0.05,1137.15,540.00,597.15
SO03260,2023-06-25,P011,R06,C0124,2,39.00,0.10,70.20,24.00,46.20
SO02340,2023-06-26,P012,R05,C0151,1,49.00,0.00,49.00,14.00,35.00
SO03110,2023-06-26,P018,R08,C0074,2,89.00,0.10,160.20,56.00,104.20
SO00075,2023-06-27,P001,R07,C0077,5,699.00,0.05,3320.25,1600.00,1720.25
SO00727,2023-06-27,P017,R04,C0115,2,199.00,0.00,398.00,130.00,268.00
SO00826,2023-06-27,P012,R01,C0095,1,49.00,0.00,49.00,14.00,35.00
SO00984,2023-06-27,P002,R04,C0110,3,399.00,0.05,1137.15,540.00,597.15
SO02420,2023-06-27,P007,R02,C0029,3,129.00,0.05,367.65,126.00,241.65
SO02465,2023-06-27,P018,R08,C0139,1,89.00,0.15,75.65,28.00,47.65
SO02779,2023-06-27,P005,R01,C0088,1,89.00,0.10,80.10,28.00,52.10
SO01243,2023-06-28,P013,R02,C0125,8,329.00,0.00,2632.00,880.00,1752.00
SO01464,2023-06-28,P020,R04,C0124,1,29.00,0.20,23.20,8.00,15.20
SO02593,2023-06-28,P016,R06,C0151,1,95.00,0.10,85.50,30.00,55.50
SO03465,2023-06-28,P019,R06,C0072,1,79.00,0.00,79.00,24.00,55.00
SO03475,2023-06-28,P012,R03,C0173,2,49.00,0.00,98.00,28.00,70.00
SO01594,2023-06-29,P020,R05,C0112,2,29.00,0.05,55.10,16.00,39.10
SO02022,2023-06-29,P015,R01,C0156,1,119.00,0.00,119.00,38.00,81.00
SO02726,2023-06-29,P020,R02,C0017,1,29.00,0.20,23.20,8.00,15.20
SO00926,2023-06-30,P005,R03,C0004,1,89.00,0.10,80.10,28.00,52.10
SO01284,2023-06-30,P009,R07,C0164,5,99.00,0.00,495.00,170.00,325.00
SO01968,2023-06-30,P018,R07,C0107,2,89.00,0.00,178.00,56.00,122.00
SO02826,2023-06-30,P011,R06,C0070,8,39.00,0.00,312.00,96.00,216.00
SO02995,2023-07-01,P020,R01,C0169,2,29.00,0.10,52.20,16.00,36.20
SO03113,2023-07-01,P020,R01,C0161,1,29.00,0.00,29.00,8.00,21.00
SO03593,2023-07-01,P011,R01,C0004,4,39.00,0.20,124.80,48.00,76.80
SO03924,2023-07-01,P008,R06,C0161,2,299.00,0.00,598.00,190.00,408.00
SO02515,2023-07-02,P002,R06,C0001,5,399.00,0.00,1995.00,900.00,1095.00
SO02592,2023-07-02,P004,R04,C0136,2,1899.00,0.15,3228.30,1960.00,1268.30
SO00714,2023-07-03,P012,R02,C0069,1,49.00,0.00,49.00,14.00,35.00
SO00869,2023-07-03,P012,R04,C0081,3,49.00,0.10,132.30,42.00,90.30
SO01605,2023-07-03,P008,R06,C0132,1,299.00,0.00,299.00,95.00,204.00
SO02077,2023-07-03,P007,R07,C0115,3,129.00,0.00,387.00,126.00,261.00
SO03340,2023-07-03,P001,R01,C0169,2,699.00,0.00,1398.00,640.00,758.00
SO03603,2023-07-03,P002,R05,C0001,2,399.00,0.00,798.00,360.00,438.00
SO00382,2023-07-04,P002,R02,C0016,2,399.00,0.10,718.20,360.00,358.20
SO00384,2023-07-04,P017,R08,C0147,1,199.00,0.00,199.00,65.00,134.00
SO00645,2023-07-04,P009,R06,C0027,1,99.00,0.00,99.00,34.00,65.00
SO02357,2023-07-04,P002,R05,C0083,2,399.00,0.05,758.10,360.00,398.10
SO01075,2023-07-05,P002,R03,C0066,2,399.00,0.05,758.10,360.00,398.10
SO01471,2023-07-05,P018,R08,C0085,4,89.00,0.00,356.00,112.00,244.00
SO03647,2023-07-05,P012,R04,C0067,2,49.00,0.20,78.40,28.00,50.40
SO03861,2023-07-05,P019,R05,C0176,1,79.00,0.05,75.05,24.00,51.05
SO00478,2023-07-06,P006,R06,C0093,3,179.00,0.00,537.00,165.00,372.00
SO03721,2023-07-06,P019,R05,C0065,1,79.00,0.10,71.10,24.00,47.10
SO00543,2023-07-07,P003,R08,C0137,1,1199.00,0.00,1199.00,640.00,559.00
SO02207,2023-07-07,P014,R04,C0106,1,499.00,0.05,474.05,180.00,294.05
SO01232,2023-07-08,P004,R01,C0117,1,1899.00,0.05,1804.05,980.00,824.05
SO02380,2023-07-08,P006,R05,C0132,3,179.00,0.05,510.15,165.00,345.15
SO02943,2023-07-08,P011,R03,C0067,1,39.00,0.00,39.00,12.00,27.00
SO03853,2023-07-08,P002,R04,C0056,1,399.00,0.00,399.00,180.00,219.00
SO00253,2023-07-09,P005,R06,C0041,4,89.00,0.00,356.00,112.00,244.00
SO00390,2023-07-09,P001,R04,C0164,1,699.00,0.05,664.05,320.00,344.05
SO03372,2023-07-09,P010,R08,C0053,2,69.00,0.20,110.40,44.00,66.40
SO00681,2023-07-10,P009,R04,C0170,3,99.00,0.05,282.15,102.00,180.15
SO02282,2023-07-10,P014,R07,C0042,3,499.00,0.20,1197.60,540.00,657.60
SO02937,2023-07-10,P007,R02,C0151,2,129.00,0.00,258.00,84.00,174.00
SO03520,2023-07-10,P018,R04,C0022,3,89.00,0.15,226.95,84.00,142.95
SO03830,2023-07-10,P005,R01,C0095,8,89.00,0.00,712.00,224.00,488.00
SO00127,2023-07-11,P012,R04,C0137,2,49.00,0.15,83.30,28.00,55.30
SO00613,2023-07-11,P010,R07,C0103,1,69.00,0.15,58.65,22.00,36.65
SO01380,2023-07-11,P018,R05,C0093,1,89.00,0.00,89.00,28.00,61.00
SO01569,2023-07-11,P008,R08,C0130,4,299.00,0.00,1196.00,380.00,816.00
SO01827,2023-07-11,P016,R05,C0081,3,95.00,0.15,242.25,90.00,152.25
SO02083,2023-07-12,P010,R02,C0020,1,69.00,0.05,65.55,22.00,43.55
SO02867,2023-07-12,P019,R06,C0023,12,79.00,0.00,948.00,288.00,660.00
SO03326,2023-07-12,P018,R06,C0108,5,89.00,0.00,445.00,140.00,305.00
SO03530,2023-07-12,P006,R04,C0150,4,179.00,0.20,572.80,220.00,352.80
SO03544,2023-07-12,P016,R04,C0004,1,95.00,0.00,95.00,30.00,65.00
SO00388,2023-07-13,P002,R02,C0085,1,399.00,0.05,379.05,180.00,199.05
SO01416,2023-07-13,P011,R08,C0084,2,39.00,0.10,70.20,24.00,46.20
SO02643,2023-07-13,P007,R06,C0036,1,129.00,0.10,116.10,42.00,74.10
SO02775,2023-07-13,P003,R01,C0008,3,1199.00,0.05,3417.15,1920.00,1497.15
SO03362,2023-07-13,P008,R02,C0127,3,299.00,0.00,897.00,285.00,612.00
SO03455,2023-07-13,P016,R08,C0075,1,95.00,0.05,90.25,30.00,60.25
SO00167,2023-07-14,P004,R08,C0040,1,1899.00,0.00,1899.00,980.00,919.00
SO02257,2023-07-14,P018,R07,C0045,1,89.00,0.00,89.00,28.00,61.00
SO02557,2023-07-14,P009,R01,C0144,2,99.00,0.10,178.20,68.00,110.20
SO02692,2023-07-14,P007,R01,C0092,2,129.00,0.20,206.40,84.00,122.40
SO03432,2023-07-14,P011,R07,C0113,1,39.00,0.10,35.10,12.00,23.10
SO03796,2023-07-14,P014,R04,C0004,1,499.00,0.00,499.00,180.00,319.00
SO03929,2023-07-14,P002,R04,C0168,2,399.00,0.15,678.30,360.00,318.30
SO01370,2023-07-15,P001,R06,C0025,1,699.00,0.00,699.00,320.00,379.00
SO01586,2023-07-15,P018,R05,C0040,1,89.00,0.00,89.00,28.00,61.00
SO01710,2023-07-15,P007,R03,C0063,12,129.00,0.10,1393.20,504.00,889.20
SO01897,2023-07-15,P014,R08,C0057,1,499.00,0.05,474.05,180.00,294.05
SO02705,2023-07-15,P018,R01,C0102,1,89.00,0.00,89.00,28.00,61.00
SO03079,2023-07-15,P005,R01,C0128,3,89.00,0.15,226.95,84.00,142.95
SO03338,2023-07-15,P001,R07,C0150,1,699.00,0.15,594.15,320.00,274.15
SO03607,2023-07-15,P003,R05,C0104,2,1199.00,0.10,2158.20,1280.00,878.20
SO03741,2023-07-15,P015,R07,C0096,2,119.00,0.00,238.00,76.00,162.00
SO00096,2023-07-16,P014,R07,C0067,3,499.00,0.00,1497.00,540.00,957.00
SO02598,2023-07-16,P018,R01,C0039,1,89.00,0.00,89.00,28.00,61.00
SO03218,2023-07-16,P013,R04,C0119,12,329.00,0.00,3948.00,1320.00,2628.00
SO03961,2023-07-16,P011,R06,C0076,2,39.00,0.00,78.00,24.00,54.00
SO00549,2023-07-17,P011,R04,C0137,1,39.00,0.05,37.05,12.00,25.05
SO01358,2023-07-17,P006,R03,C0158,5,179.00,0.00,895.00,275.00,620.00
SO01492,2023-07-17,P018,R06,C0015,1,89.00,0.20,71.20,28.00,43.20
SO01952,2023-07-17,P010,R06,C0153,2,69.00,0.10,124.20,44.00,80.20
SO02570,2023-07-17,P002,R08,C0154,3,399.00,0.00,1197.00,540.00,657.00
SO00359,2023-07-18,P007,R08,C0124,2,129.00,0.00,258.00,84.00,174.00
SO01817,2023-07-18,P012,R01,C0108,2,49.00,0.15,83.30,28.00,55.30
SO02650,2023-07-18,P019,R07,C0147,1,79.00,0.05,75.05,24.00,51.05
SO02698,2023-07-18,P003,R01,C0155,8,1199.00,0.05,9112.40,5120.00,3992.40
SO01690,2023-07-19,P016,R05,C0097,1,95.00,0.20,76.00,30.00,46.00
SO02048,2023-07-19,P004,R03,C0071,4,1899.00,0.00,7596.00,3920.00,3676.00
SO02057,2023-07-19,P009,R02,C0087,1,99.00,0.00,99.00,34.00,65.00
SO02407,2023-07-19,P007,R01,C0113,1,129.00,0.15,109.65,42.00,67.65
SO02541,2023-07-19,P018,R01,C0054,2,89.00,0.15,151.30,56.00,95.30
SO02838,2023-07-19,P007,R01,C0041,3,129.00,0.05,367.65,126.00,241.65
SO03765,2023-07-19,P010,R08,C0179,1,69.00,0.00,69.00,22.00,47.00
SO03770,2023-07-19,P019,R07,C0125,3,79.00,0.00,237.00,72.00,165.00
SO03888,2023-07-19,P009,R02,C0160,1,99.00,0.05,94.05,34.00,60.05
SO00431,2023-07-20,P005,R08,C0058,1,89.00,0.15,75.65,28.00,47.65
SO00813,2023-07-20,P002,R08,C0062,2,399.00,0.00,798.00,360.00,438.00
SO01115,2023-07-20,P002,R07,C0123,1,399.00,0.00,399.00,180.00,219.00
SO02013,2023-07-20,P012,R02,C0157,3,49.00,0.05,139.65,42.00,97.65
SO03328,2023-07-20,P014,R05,C0043,3,499.00,0.00,1497.00,540.00,957.00
SO03658,2023-07-20,P007,R07,C0104,5,129.00,0.00,645.00,210.00,435.00
SO00774,2023-07-21,P009,R02,C0129,5,99.00,0.10,445.50,170.00,275.50
SO02210,2023-07-21,P002,R01,C0171,5,399.00,0.10,1795.50,900.00,895.50
SO02235,2023-07-21,P001,R02,C0179,5,699.00,0.00,3495.00,1600.00,1895.00
SO03240,2023-07-21,P001,R07,C0090,1,699.00,0.00,699.00,320.00,379.00
SO00950,2023-07-22,P003,R04,C0121,3,1199.00,0.20,2877.60,1920.00,957.60
SO01607,2023-07-22,P007,R07,C0139,3,129.00,0.15,328.95,126.00,202.95
SO02011,2023-07-22,P020,R02,C0125,3,29.00,0.00,87.00,24.00,63.00
SO02448,2023-07-22,P012,R05,C0082,2,49.00,0.00,98.00,28.00,70.00
SO02890,2023-07-22,P012,R08,C0153,1,49.00,0.10,44.10,14.00,30.10
SO03776,2023-07-22,P002,R07,C0100,4,399.00,0.05,1516.20,720.00,796.20
SO03806,2023-07-22,P016,R02,C0090,1,95.00,0.00,95.00,30.00,65.00
SO00085,2023-07-23,P003,R07,C0161,1,1199.00,0.05,1139.05,640.00,499.05
SO00701,2023-07-23,P011,R03,C0163,3,39.00,0.00,117.00,36.00,81.00
SO00913,2023-07-23,P018,R05,C0107,4,89.00,0.00,356.00,112.00,244.00
SO01074,2023-07-23,P008,R03,C0026,2,299.00,0.05,568.10,190.00,378.10
SO01195,2023-07-23,P002,R06,C0166,2,399.00,0.00,798.00,360.00,438.00
SO01456,2023-07-23,P002,R02,C0178,12,399.00,0.00,4788.00,2160.00,2628.00
SO01535,2023-07-23,P014,R02,C0045,2,499.00,0.00,998.00,360.00,638.00
SO02740,2023-07-23,P005,R08,C0154,1,89.00,0.10,80.10,28.00,52.10
SO03348,2023-07-23,P007,R01,C0060,1,129.00,0.05,122.55,42.00,80.55
SO03479,2023-07-23,P014,R06,C0132,1,499.00,0.05,474.05,180.00,294.05
SO03964,2023-07-23,P020,R02,C0107,8,29.00,0.10,208.80,64.00,144.80
SO00040,2023-07-24,P019,R01,C0151,4,79.00,0.00,316.00,96.00,220.00
SO00363,2023-07-24,P006,R02,C0167,2,179.00,0.05,340.10,110.00,230.10
SO01088,2023-07-24,P010,R01,C0163,1,69.00,0.05,65.55,22.00,43.55
SO01674,2023-07-24,P012,R06,C0049,1,49.00,0.05,46.55,14.00,32.55
SO02596,2023-07-24,P006,R01,C0076,1,179.00,0.10,161.10,55.00,106.10
SO02713,2023-07-24,P007,R02,C0178,5,129.00,0.00,645.00,210.00,435.00
SO02807,2023-07-24,P004,R07,C0124,1,1899.00,0.10,1709.10,980.00,729.10
SO02909,2023-07-25,P013,R06,C0105,1,329.00,0.00,329.00,110.00,219.00
SO03056,2023-07-25,P015,R06,C0012,1,119.00,0.05,113.05,38.00,75.05
SO03632,2023-07-25,P014,R07,C0169,2,499.00,0.05,948.10,360.00,588.10
SO00309,2023-07-26,P005,R04,C0027,4,89.00,0.15,302.60,112.00,190.60
SO00525,2023-07-26,P003,R07,C0080,1,1199.00,0.00,1199.00,640.00,559.00
SO02342,2023-07-26,P012,R05,C0048,4,49.00,0.05,186.20,56.00,130.20
SO03197,2023-07-26,P012,R06,C0110,8,49.00,0.00,392.00,112.00,280.00
SO00365,2023-07-27,P007,R08,C0129,2,129.00,0.10,232.20,84.00,148.20
SO00970,2023-07-27,P001,R06,C0041,2,699.00,0.10,1258.20,640.00,618.20
SO01079,2023-07-27,P005,R06,C0100,1,89.00,0.00,89.00,28.00,61.00
SO03024,2023-07-27,P012,R08,C0069,2,49.00,0.15,83.30,28.00,55.30
SO02128,2023-07-28,P016,R08,C0061,2,95.00,0.20,152.00,60.00,92.00
SO02157,2023-07-28,P018,R01,C0012,1,89.00,0.05,84.55,28.00,56.55
SO03793,2023-07-28,P008,R02,C0079,2,299.00,0.00,598.00,190.00,408.00
SO00028,2023-07-29,P020,R04,C0117,4,29.00,0.10,104.40,32.00,72.40
SO01231,2023-07-29,P001,R02,C0113,4,699.00,0.00,2796.00,1280.00,1516.00
SO01969,2023-07-29,P018,R02,C0172,3,89.00,0.15,226.95,84.00,142.95
SO02104,2023-07-29,P014,R02,C0169,1,499.00,0.00,499.00,180.00,319.00
SO02984,2023-07-29,P004,R04,C0091,1,1899.00,0.05,1804.05,980.00,824.05
SO00424,2023-07-30,P005,R02,C0051,5,89.00,0.05,422.75,140.00,282.75
SO01360,2023-07-30,P016,R05,C0102,1,95.00,0.00,95.00,30.00,65.00
SO01395,2023-07-30,P011,R04,C0118,1,39.00,0.15,33.15,12.00,21.15
SO01615,2023-07-30,P003,R08,C0175,4,1199.00,0.15,4076.60,2560.00,1516.60
SO02438,2023-07-30,P006,R03,C0121,4,179.00,0.05,680.20,220.00,460.20
SO02767,2023-07-30,P008,R08,C0051,1,299.00,0.05,284.05,95.00,189.05
SO02908,2023-07-30,P011,R03,C0020,1,39.00,0.00,39.00,12.00,27.00
SO03421,2023-07-30,P006,R03,C0120,1,179.00,0.00,179.00,55.00,124.00
SO02535,2023-07-31,P002,R01,C0152,1,399.00,0.00,399.00,180.00,219.00
SO03139,2023-07-31,P004,R07,C0069,2,1899.00,0.05,3608.10,1960.00,1648.10
SO00332,2023-08-01,P004,R04,C0131,2,1899.00,0.00,3798.00,1960.00,1838.00
SO00784,2023-08-01,P002,R01,C0132,4,399.00,0.00,1596.00,720.00,876.00
SO01506,2023-08-01,P004,R02,C0142,3,1899.00,0.10,5127.30,2940.00,2187.30
SO03800,2023-08-01,P017,R02,C0053,2,199.00,0.00,398.00,130.00,268.00
SO00519,2023-08-02,P016,R05,C0148,1,95.00,0.15,80.75,30.00,50.75
SO01355,2023-08-02,P003,R04,C0049,1,1199.00,0.00,1199.00,640.00,559.00
SO01896,2023-08-02,P003,R01,C0052,1,1199.00,0.00,1199.00,640.00,559.00
SO02850,2023-08-02,P007,R05,C0066,8,129.00,0.20,825.60,336.00,489.60
SO00328,2023-08-03,P019,R02,C0134,1,79.00,0.00,79.00,24.00,55.00
SO00544,2023-08-03,P015,R03,C0158,3,119.00,0.00,357.00,114.00,243.00
SO00557,2023-08-03,P006,R03,C0154,8,179.00,0.15,1217.20,440.00,777.20
SO00839,2023-08-03,P010,R01,C0041,4,69.00,0.05,262.20,88.00,174.20
SO01230,2023-08-03,P005,R06,C0164,1,89.00,0.05,84.55,28.00,56.55
SO01973,2023-08-03,P009,R06,C0074,1,99.00,0.00,99.00,34.00,65.00
SO02097,2023-08-03,P016,R08,C0052,1,95.00,0.00,95.00,30.00,65.00
SO02928,2023-08-03,P007,R04,C0117,2,129.00,0.15,219.30,84.00,135.30
SO02939,2023-08-03,P020,R02,C0036,8,29.00,0.00,232.00,64.00,168.00
SO03016,2023-08-03,P003,R03,C0073,1,1199.00,0.15,1019.15,640.00,379.15
SO03066,2023-08-03,P018,R04,C0063,5,89.00,0.05,422.75,140.00,282.75
SO03214,2023-08-03,P010,R05,C0096,3,69.00,0.05,196.65,66.00,130.65
SO03700,2023-08-03,P002,R01,C0161,3,399.00,0.00,1197.00,540.00,657.00
SO00620,2023-08-04,P019,R02,C0069,3,79.00,0.00,237.00,72.00,165.00
SO02414,2023-08-04,P020,R08,C0091,2,29.00,0.05,55.10,16.00,39.10
SO02530,2023-08-04,P017,R02,C0049,1,199.00,0.10,179.10,65.00,114.10
SO03192,2023-08-04,P014,R04,C0069,1,499.00,0.00,499.00,180.00,319.00
SO03303,2023-08-04,P004,R01,C0049,8,1899.00,0.00,15192.00,7840.00,7352.00
SO03374,2023-08-04,P011,R05,C0084,1,39.00,0.00,39.00,12.00,27.00
SO03678,2023-08-04,P007,R06,C0159,1,129.00,0.15,109.65,42.00,67.65
SO00046,2023-08-05,P005,R01,C0009,4,89.00,0.00,356.00,112.00,244.00
SO00117,2023-08-05,P017,R05,C0008,1,199.00,0.00,199.00,65.00,134.00
SO01665,2023-08-05,P017,R08,C0154,8,199.00,0.00,1592.00,520.00,1072.00
SO02039,2023-08-05,P016,R08,C0001,2,95.00,0.05,180.50,60.00,120.50
SO02384,2023-08-05,P015,R06,C0105,2,119.00,0.00,238.00,76.00,162.00
SO03181,2023-08-05,P013,R08,C0093,1,329.00,0.00,329.00,110.00,219.00
SO00047,2023-08-06,P002,R01,C0061,1,399.00,0.10,359.10,180.00,179.10
SO00472,2023-08-06,P004,R08,C0029,3,1899.00,0.05,5412.15,2940.00,2472.15
SO00656,2023-08-06,P015,R03,C0138,2,119.00,0.00,238.00,76.00,162.00
SO00762,2023-08-06,P016,R06,C0137,12,95.00,0.15,969.00,360.00,609.00
SO00873,2023-08-06,P004,R02,C0111,4,1899.00,0.20,6076.80,3920.00,2156.80
SO01002,2023-08-06,P009,R07,C0044,2,99.00,0.00,198.00,68.00,130.00
SO01064,2023-08-06,P005,R03,C0012,2,89.00,0.00,178.00,56.00,122.00
SO01517,2023-08-06,P005,R05,C0045,1,89.00,0.15,75.65,28.00,47.65
SO01989,2023-08-06,P020,R07,C0158,1,29.00,0.00,29.00,8.00,21.00
SO02249,2023-08-06,P002,R04,C0166,2,399.00,0.10,718.20,360.00,358.20
SO02652,2023-08-06,P002,R02,C0166,3,399.00,0.00,1197.00,540.00,657.00
SO02861,2023-08-06,P004,R02,C0046,3,1899.00,0.00,5697.00,2940.00,2757.00
SO03857,2023-08-06,P007,R05,C0023,3,129.00,0.00,387.00,126.00,261.00
SO00190,2023-08-07,P020,R02,C0173,2,29.00,0.05,55.10,16.00,39.10
SO00639,2023-08-07,P018,R02,C0005,1,89.00,0.00,89.00,28.00,61.00
SO00755,2023-08-07,P002,R02,C0170,2,399.00,0.15,678.30,360.00,318.30
SO01539,2023-08-07,P018,R06,C0082,2,89.00,0.05,169.10,56.00,113.10
SO02786,2023-08-07,P001,R05,C0058,1,699.00,0.00,699.00,320.00,379.00
SO03146,2023-08-07,P006,R01,C0076,3,179.00,0.15,456.45,165.00,291.45
SO03433,2023-08-07,P004,R07,C0074,2,1899.00,0.10,3418.20,1960.00,1458.20
SO01451,2023-08-08,P013,R01,C0152,5,329.00,0.00,1645.00,550.00,1095.00
SO02072,2023-08-08,P007,R08,C0056,1,129.00,0.10,116.10,42.00,74.10
SO02294,2023-08-08,P008,R03,C0012,1,299.00,0.15,254.15,95.00,159.15
SO00508,2023-08-09,P013,R04,C0021,4,329.00,0.20,1052.80,440.00,612.80
SO00800,2023-08-09,P005,R07,C0008,1,89.00,0.00,89.00,28.00,61.00
SO01092,2023-08-09,P006,R08,C0003,1,179.00,0.05,170.05,55.00,115.05
SO01234,2023-08-09,P014,R05,C0059,1,499.00,0.00,499.00,180.00,319.00
SO01318,2023-08-09,P020,R01,C0051,2,29.00,0.00,58.00,16.00,42.00
SO02214,2023-08-09,P011,R07,C0071,4,39.00,0.00,156.00,48.00,108.00
SO02550,2023-08-09,P002,R08,C0072,4,399.00,0.00,1596.00,720.00,876.00
SO02552,2023-08-09,P012,R01,C0173,5,49.00,0.15,208.25,70.00,138.25
SO00229,2023-08-10,P018,R08,C0151,2,89.00,0.10,160.20,56.00,104.20
SO01256,2023-08-10,P009,R06,C0129,1,99.00,0.10,89.10,34.00,55.10
SO01776,2023-08-10,P016,R08,C0045,8,95.00,0.00,760.00,240.00,520.00
SO01967,2023-08-10,P012,R03,C0129,1,49.00,0.15,41.65,14.00,27.65
SO02856,2023-08-10,P016,R05,C0089,2,95.00,0.05,180.50,60.00,120.50
SO03248,2023-08-10,P017,R07,C0125,1,199.00,0.05,189.05,65.00,124.05
SO03419,2023-08-10,P020,R06,C0021,2,29.00,0.00,58.00,16.00,42.00
SO00072,2023-08-11,P013,R04,C0014,2,329.00,0.05,625.10,220.00,405.10
SO00211,2023-08-11,P012,R01,C0138,2,49.00,0.00,98.00,28.00,70.00
SO00866,2023-08-11,P009,R05,C0090,4,99.00,0.00,396.00,136.00,260.00
SO01310,2023-08-11,P003,R02,C0134,3,1199.00,0.05,3417.15,1920.00,1497.15
SO02864,2023-08-11,P007,R05,C0152,1,129.00,0.05,122.55,42.00,80.55
SO03352,2023-08-11,P014,R03,C0153,2,499.00,0.10,898.20,360.00,538.20
SO00311,2023-08-12,P011,R01,C0023,1,39.00,0.10,35.10,12.00,23.10
SO00831,2023-08-12,P014,R01,C0102,2,499.00,0.00,998.00,360.00,638.00
SO02041,2023-08-12,P014,R05,C0104,5,499.00,0.00,2495.00,900.00,1595.00
SO03083,2023-08-12,P017,R08,C0051,2,199.00,0.00,398.00,130.00,268.00
SO03408,2023-08-12,P020,R05,C0024,2,29.00,0.00,58.00,16.00,42.00
SO02704,2023-08-13,P011,R01,C0156,4,39.00,0.20,124.80,48.00,76.80
SO03164,2023-08-13,P005,R03,C0023,1,89.00,0.00,89.00,28.00,61.00
SO00503,2023-08-14,P008,R08,C0085,5,299.00,0.10,1345.50,475.00,870.50
SO03174,2023-08-14,P003,R01,C0123,8,1199.00,0.00,9592.00,5120.00,4472.00
SO03411,2023-08-14,P018,R08,C0113,1,89.00,0.15,75.65,28.00,47.65
SO03533,2023-08-14,P015,R01,C0071,3,119.00,0.00,357.00,114.00,243.00
SO00394,2023-08-15,P004,R01,C0138,12,1899.00,0.00,22788.00,11760.00,11028.00
SO03847,2023-08-15,P005,R01,C0084,2,89.00,0.00,178.00,56.00,122.00
SO03855,2023-08-15,P020,R04,C0146,1,29.00,0.05,27.55,8.00,19.55
SO03919,2023-08-15,P019,R07,C0003,2,79.00,0.00,158.00,48.00,110.00
SO00133,2023-08-16,P007,R04,C0084,2,129.00,0.00,258.00,84.00,174.00
SO00616,2023-08-16,P010,R04,C0172,4,69.00,0.20,220.80,88.00,132.80
SO01095,2023-08-16,P001,R08,C0083,3,699.00,0.20,1677.60,960.00,717.60
SO01996,2023-08-16,P006,R08,C0158,3,179.00,0.00,537.00,165.00,372.00
SO02019,2023-08-16,P020,R08,C0034,1,29.00,0.10,26.10,8.00,18.10
SO02227,2023-08-16,P017,R07,C0129,3,199.00,0.00,597.00,195.00,402.00
SO02684,2023-08-16,P008,R06,C0020,4,299.00,0.00,1196.00,380.00,816.00
SO02733,2023-08-16,P017,R08,C0171,1,199.00,0.00,199.00,65.00,134.00
SO03476,2023-08-16,P002,R05,C0084,1,399.00,0.00,399.00,180.00,219.00
SO00295,2023-08-17,P007,R06,C0028,3,129.00,0.10,348.30,126.00,222.30
SO01490,2023-08-17,P014,R03,C0005,1,499.00,0.05,474.05,180.00,294.05
SO00791,2023-08-18,P006,R06,C0104,3,179.00,0.00,537.00,165.00,372.00
SO01566,2023-08-18,P011,R08,C0045,1,39.00,0.05,37.05,12.00,25.05
SO01903,2023-08-18,P001,R07,C0044,5,699.00,0.10,3145.50,1600.00,1545.50
SO01983,2023-08-18,P007,R07,C0055,2,129.00,0.00,258.00,84.00,174.00
SO02026,2023-08-18,P006,R02,C0140,2,179.00,0.00,358.00,110.00,248.00
SO00109,2023-08-19,P003,R06,C0063,4,1199.00,0.00,4796.00,2560.00,2236.00
SO02551,2023-08-19,P001,R02,C0126,2,699.00,0.00,1398.00,640.00,758.00
SO00459,2023-08-20,P003,R04,C0116,1,1199.00,0.00,1199.00,640.00,559.00
SO00777,2023-08-20,P018,R05,C0174,2,89.00,0.00,178.00,56.00,122.00
SO02986,2023-08-20,P012,R08,C0093,1,49.00,0.05,46.55,14.00,32.55
SO03238,2023-08-20,P012,R03,C0041,1,49.00,0.10,44.10,14.00,30.10
SO03767,2023-08-20,P004,R04,C0153,3,1899.00,0.15,4842.45,2940.00,1902.45
SO00650,2023-08-21,P016,R02,C0098,3,95.00,0.20,228.00,90.00,138.00
SO01046,2023-08-21,P018,R02,C0157,1,89.00,0.00,89.00,28.00,61.00
SO01823,2023-08-21,P014,R04,C0135,2,499.00,0.00,998.00,360.00,638.00
SO02160,2023-08-21,P006,R01,C0124,3,179.00,0.05,510.15,165.00,345.15
SO02508,2023-08-21,P015,R08,C0073,8,119.00,0.05,904.40,304.00,600.40
SO03275,2023-08-21,P011,R08,C0003,2,39.00,0.05,74.10,24.00,50.10
SO03435,2023-08-21,P010,R07,C0142,1,69.00,0.05,65.55,22.00,43.55
SO00792,2023-08-22,P012,R08,C0092,1,49.00,0.00,49.00,14.00,35.00
SO02138,2023-08-22,P016,R03,C0148,1,95.00,0.15,80.75,30.00,50.75
SO02171,2023-08-22,P019,R02,C0111,5,79.00,0.00,395.00,120.00,275.00
SO02178,2023-08-22,P013,R06,C0132,1,329.00,0.00,329.00,110.00,219.00
SO00138,2023-08-23,P012,R08,C0049,3,49.00,0.00,147.00,42.00,105.00
SO00334,2023-08-23,P018,R05,C0073,3,89.00,0.05,253.65,84.00,169.65
SO00453,2023-08-23,P014,R07,C0147,1,499.00,0.15,424.15,180.00,244.15
SO01173,2023-08-23,P002,R06,C0078,5,399.00,0.20,1596.00,900.00,696.00
SO01412,2023-08-23,P001,R02,C0034,1,699.00,0.00,699.00,320.00,379.00
SO02017,2023-08-23,P018,R01,C0097,1,89.00,0.00,89.00,28.00,61.00
SO03468,2023-08-23,P013,R07,C0138,2,329.00,0.05,625.10,220.00,405.10
SO01307,2023-08-24,P017,R01,C0077,2,199.00,0.00,398.00,130.00,268.00
SO01701,2023-08-24,P012,R05,C0072,2,49.00,0.20,78.40,28.00,50.40
SO00201,2023-08-25,P014,R03,C0131,2,499.00,0.10,898.20,360.00,538.20
SO01803,2023-08-25,P014,R04,C0113,1,499.00,0.00,499.00,180.00,319.00
SO03715,2023-08-25,P006,R06,C0116,1,179.00,0.10,161.10,55.00,106.10
SO03999,2023-08-25,P018,R04,C0093,1,89.00,0.00,89.00,28.00,61.00
SO01093,2023-08-26,P004,R04,C0041,2,1899.00,0.20,3038.40,1960.00,1078.40
SO01266,2023-08-26,P011,R03,C0041,8,39.00,0.10,280.80,96.00,184.80
SO01579,2023-08-26,P009,R04,C0005,8,99.00,0.00,792.00,272.00,520.00
SO01979,2023-08-26,P009,R01,C0155,1,99.00,0.00,99.00,34.00,65.00
SO03165,2023-08-26,P005,R04,C0029,1,89.00,0.15,75.65,28.00,47.65
SO03282,2023-08-26,P013,R03,C0172,4,329.00,0.00,1316.00,440.00,876.00
SO03617,2023-08-26,P004,R08,C0177,1,1899.00,0.15,1614.15,980.00,634.15
SO00837,2023-08-27,P008,R01,C0118,4,299.00,0.10,1076.40,380.00,696.40
SO01155,2023-08-27,P012,R04,C0155,4,49.00,0.10,176.40,56.00,120.40
SO02441,2023-08-27,P009,R08,C0173,5,99.00,0.15,420.75,170.00,250.75
SO03210,2023-08-27,P017,R05,C0092,1,199.00,0.15,169.15,65.00,104.15
SO03532,2023-08-27,P018,R05,C0095,2,89.00,0.10,160.20,56.00,104.20
SO03753,2023-08-27,P019,R08,C0168,1,79.00,0.00,79.00,24.00,55.00
SO03883,2023-08-27,P004,R02,C0100,1,1899.00,0.00,1899.00,980.00,919.00
SO00038,2023-08-28,P014,R03,C0039,12,499.00,0.05,5688.60,2160.00,3528.60
SO01306,2023-08-28,P009,R08,C0089,2,99.00,0.00,198.00,68.00,130.00
SO02607,2023-08-28,P006,R06,C0156,1,179.00,0.00,179.00,55.00,124.00
SO02744,2023-08-28,P009,R08,C0061,1,99.00,0.00,99.00,34.00,65.00
SO03550,2023-08-28,P013,R04,C0126,3,329.00,0.00,987.00,330.00,657.00
SO03628,2023-08-28,P017,R06,C0086,12,199.00,0.10,2149.20,780.00,1369.20
SO03826,2023-08-28,P014,R05,C0007,1,499.00,0.05,474.05,180.00,294.05
SO03860,2023-08-28,P013,R05,C0101,1,329.00,0.00,329.00,110.00,219.00
SO01611,2023-08-29,P006,R03,C0055,4,179.00,0.05,680.20,220.00,460.20
SO01629,2023-08-29,P015,R05,C0001,2,119.00,0.00,238.00,76.00,162.00
SO02287,2023-08-29,P002,R06,C0001,1,399.00,0.05,379.05,180.00,199.05
SO02578,2023-08-29,P016,R03,C0100,1,95.00,0.05,90.25,30.00,60.25
SO03758,2023-08-29,P018,R02,C0159,1,89.00,0.00,89.00,28.00,61.00
SO03825,2023-08-29,P003,R06,C0074,1,1199.00,0.00,1199.00,640.00,559.00
SO00423,2023-08-30,P006,R05,C0144,1,179.00,0.00,179.00,55.00,124.00
SO00875,2023-08-30,P017,R07,C0013,3,199.00,0.00,597.00,195.00,402.00
SO01166,2023-08-30,P002,R08,C0146,12,399.00,0.00,4788.00,2160.00,2628.00
SO01788,2023-08-30,P017,R03,C0033,1,199.00,0.00,199.00,65.00,134.00
SO02200,2023-08-30,P008,R08,C0054,3,299.00,0.00,897.00,285.00,612.00
SO02548,2023-08-30,P012,R08,C0175,3,49.00,0.00,147.00,42.00,105.00
SO03512,2023-08-30,P013,R02,C0147,1,329.00,0.10,296.10,110.00,186.10
SO00159,2023-08-31,P007,R02,C0175,1,129.00,0.05,122.55,42.00,80.55
SO00747,2023-08-31,P003,R06,C0030,1,1199.00,0.10,1079.10,640.00,439.10
SO02092,2023-08-31,P012,R04,C0070,2,49.00,0.00,98.00,28.00,70.00
SO03098,2023-08-31,P012,R05,C0173,1,49.00,0.00,49.00,14.00,35.00
SO03979,2023-08-31,P007,R06,C0099,1,129.00,0.20,103.20,42.00,61.20
SO00158,2023-09-01,P001,R07,C0098,2,699.00,0.00,1398.00,640.00,758.00
SO00447,2023-09-01,P007,R01,C0128,2,129.00,0.00,258.00,84.00,174.00
SO00881,2023-09-01,P013,R02,C0085,8,329.00,0.00,2632.00,880.00,1752.00
SO03928,2023-09-01,P006,R05,C0130,2,179.00,0.15,304.30,110.00,194.30
SO01633,2023-09-02,P013,R05,C0030,1,329.00,0.10,296.10,110.00,186.10
SO02324,2023-09-02,P014,R03,C0117,1,499.00,0.00,499.00,180.00,319.00
SO03152,2023-09-02,P006,R01,C0073,2,179.00,0.05,340.10,110.00,230.10
SO03382,2023-09-02,P003,R01,C0060,3,1199.00,0.00,3597.00,1920.00,1677.00
SO03423,2023-09-02,P001,R02,C0073,8,699.00,0.05,5312.40,2560.00,2752.40
SO03679,2023-09-02,P012,R02,C0001,4,49.00,0.00,196.00,56.00,140.00
SO03757,2023-09-02,P015,R03,C0129,3,119.00,0.05,339.15,114.00,225.15
SO03761,2023-09-02,P011,R06,C0048,2,39.00,0.20,62.40,24.00,38.40
SO01518,2023-09-03,P015,R02,C0033,1,119.00,0.00,119.00,38.00,81.00
SO01761,2023-09-03,P018,R07,C0002,2,89.00,0.05,169.10,56.00,113.10
SO03832,2023-09-03,P019,R05,C0112,1,79.00,0.00,79.00,24.00,55.00
SO01796,2023-09-05,P019,R05,C0036,1,79.00,0.00,79.00,24.00,55.00
SO01818,2023-09-05,P009,R08,C0044,1,99.00,0.00,99.00,34.00,65.00
SO00416,2023-09-06,P003,R06,C0160,2,1199.00,0.20,1918.40,1280.00,638.40
SO00903,2023-09-06,P020,R06,C0041,4,29.00,0.00,116.00,32.00,84.00
SO03104,2023-09-06,P016,R08,C0149,8,95.00,0.05,722.00,240.00,482.00
SO03319,2023-09-06,P016,R08,C0019,1,95.00,0.05,90.25,30.00,60.25
SO00097,2023-09-07,P011,R08,C0163,2,39.00,0.10,70.20,24.00,46.20
SO00867,2023-09-07,P013,R03,C0034,5,329.00,0.00,1645.00,550.00,1095.00
SO01337,2023-09-07,P011,R08,C0063,1,39.00,0.00,39.00,12.00,27.00
SO01948,2023-09-07,P020,R08,C0011,3,29.00,0.05,82.65,24.00,58.65
SO02088,2023-09-07,P013,R07,C0092,3,329.00,0.15,838.95,330.00,508.95
SO02576,2023-09-07,P011,R06,C0138,1,39.00,0.05,37.05,12.00,25.05
SO02804,2023-09-07,P003,R05,C0115,8,1199.00,0.20,7673.60,5120.00,2553.60
SO02913,2023-09-07,P001,R06,C0159,3,699.00,0.05,1992.15,960.00,1032.15
SO01584,2023-09-08,P004,R03,C0089,1,1899.00,0.00,1899.00,980.00,919.00
SO01649,2023-09-08,P005,R05,C0164,4,89.00,0.20,284.80,112.00,172.80
SO02501,2023-09-08,P013,R06,C0111,2,329.00,0.15,559.30,220.00,339.30
SO03033,2023-09-08,P019,R06,C0050,1,79.00,0.10,71.10,24.00,47.10
SO03571,2023-09-08,P009,R07,C0107,3,99.00,0.00,297.00,102.00,195.00
SO00538,2023-09-09,P019,R01,C0084,2,79.00,0.00,158.00,48.00,110.00
SO00760,2023-09-09,P012,R08,C0065,1,49.00,0.05,46.55,14.00,32.55
SO01894,2023-09-09,P019,R05,C0036,2,79.00,0.00,158.00,48.00,110.00
SO02133,2023-09-09,P004,R05,C0068,1,1899.00,0.20,1519.20,980.00,539.20
SO03383,2023-09-09,P007,R07,C0086,1,129.00,0.10,116.10,42.00,74.10
SO00417,2023-09-10,P003,R06,C0016,12,1199.00,0.00,14388.00,7680.00,6708.00
SO01559,2023-09-10,P006,R06,C0172,5,179.00,0.00,895.00,275.00,620.00
SO02958,2023-09-10,P016,R03,C0136,2,95.00,0.00,190.00,60.00,130.00
SO03471,2023-09-10,P016,R07,C0047,5,95.00,0.00,475.00,150.00,325.00
SO03620,2023-09-10,P002,R03,C0132,3,399.00,0.05,1137.15,540.00,597.15
SO03997,2023-09-10,P013,R04,C0034,3,329.00,0.10,888.30,330.00,558.30
SO00312,2023-09-11,P017,R03,C0005,1,199.00,0.00,199.00,65.00,134.00
SO01112,2023-09-11,P015,R04,C0058,5,119.00,0.00,595.00,190.00,405.00
SO02314,2023-09-11,P018,R05,C0023,4,89.00,0.00,356.00,112.00,244.00
SO03120,2023-09-11,P020,R05,C0011,4,29.00,0.05,110.20,32.00,78.20
SO00315,2023-09-12,P014,R02,C0077,3,499.00,0.00,1497.00,540.00,957.00
SO02270,2023-09-12,P001,R07,C0135,1,699.00,0.00,699.00,320.00,379.00
SO02752,2023-09-12,P008,R05,C0038,1,299.00,0.00,299.00,95.00,204.00
SO03795,2023-09-12,P018,R06,C0154,3,89.00,0.15,226.95,84.00,142.95
SO00680,2023-09-13,P016,R02,C0020,4,95.00,0.00,380.00,120.00,260.00
SO00709,2023-09-13,P020,R04,C0002,1,29.00,0.10,26.10,8.00,18.10
SO00874,2023-09-13,P013,R02,C0161,8,329.00,0.00,2632.00,880.00,1752.00
SO01361,2023-09-13,P007,R07,C0034,1,129.00,0.10,116.10,42.00,74.10
SO02748,2023-09-13,P001,R03,C0149,2,699.00,0.10,1258.20,640.00,618.20
SO03323,2023-09-13,P014,R01,C0086,5,499.00,0.00,2495.00,900.00,1595.00
SO03697,2023-09-13,P003,R03,C0054,4,1199.00,0.00,4796.00,2560.00,2236.00
SO00199,2023-09-14,P018,R04,C0138,1,89.00,0.00,89.00,28.00,61.00
SO01879,2023-09-14,P012,R04,C0068,1,49.00,0.00,49.00,14.00,35.00
SO02250,2023-09-14,P001,R01,C0076,3,699.00,0.00,2097.00,960.00,1137.00
SO02738,2023-09-14,P013,R01,C0119,2,329.00,0.00,658.00,220.00,438.00
SO03813,2023-09-14,P014,R05,C0017,2,499.00,0.00,998.00,360.00,638.00
SO00477,2023-09-15,P015,R06,C0152,2,119.00,0.20,190.40,76.00,114.40
SO00763,2023-09-15,P008,R03,C0033,1,299.00,0.10,269.10,95.00,174.10
SO02274,2023-09-15,P006,R04,C0072,1,179.00,0.00,179.00,55.00,124.00
SO03091,2023-09-15,P019,R05,C0107,2,79.00,0.00,158.00,48.00,110.00
SO03785,2023-09-15,P019,R03,C0137,8,79.00,0.05,600.40,192.00,408.40
SO00473,2023-09-16,P008,R05,C0075,2,299.00,0.20,478.40,190.00,288.40
SO00523,2023-09-16,P002,R01,C0014,2,399.00,0.00,798.00,360.00,438.00
SO01593,2023-09-16,P006,R01,C0165,1,179.00,0.00,179.00,55.00,124.00
SO02051,2023-09-16,P020,R01,C0040,1,29.00,0.10,26.10,8.00,18.10
SO02321,2023-09-16,P008,R07,C0054,1,299.00,0.00,299.00,95.00,204.00
SO03415,2023-09-16,P018,R03,C0061,3,89.00,0.05,253.65,84.00,169.65
SO03858,2023-09-16,P010,R06,C0034,1,69.00,0.10,62.10,22.00,40.10
SO03863,2023-09-16,P013,R01,C0045,1,329.00,0.00,329.00,110.00,219.00
SO00367,2023-09-17,P010,R01,C0147,3,69.00,0.05,196.65,66.00,130.65
SO00489,2023-09-17,P009,R02,C0065,2,99.00,0.00,198.00,68.00,130.00
SO00662,2023-09-17,P018,R06,C0019,1,89.00,0.00,89.00,28.00,61.00
SO00721,2023-09-17,P013,R07,C0129,5,329.00,0.10,1480.50,550.00,930.50
SO01117,2023-09-17,P006,R04,C0073,4,179.00,0.05,680.20,220.00,460.20
SO02524,2023-09-17,P012,R06,C0126,1,49.00,0.00,49.00,14.00,35.00
SO03355,2023-09-17,P010,R01,C0004,1,69.00,0.00,69.00,22.00,47.00
SO00550,2023-09-18,P007,R08,C0114,2,129.00,0.00,258.00,84.00,174.00
SO01558,2023-09-18,P004,R08,C0085,3,1899.00,0.00,5697.00,2940.00,2757.00
SO00648,2023-09-19,P009,R08,C0177,1,99.00,0.00,99.00,34.00,65.00
SO00864,2023-09-19,P002,R04,C0062,4,399.00,0.00,1596.00,720.00,876.00
SO00943,2023-09-19,P010,R07,C0065,8,69.00,0.10,496.80,176.00,320.80
SO01374,2023-09-19,P005,R01,C0054,1,89.00,0.20,71.20,28.00,43.20
SO02165,2023-09-19,P009,R01,C0018,3,99.00,0.05,282.15,102.00,180.15
SO02527,2023-09-19,P015,R07,C0077,2,119.00,0.15,202.30,76.00,126.30
SO01986,2023-09-20,P015,R08,C0123,1,119.00,0.00,119.00,38.00,81.00
SO02312,2023-09-20,P003,R02,C0111,1,1199.00,0.05,1139.05,640.00,499.05
SO03221,2023-09-20,P016,R05,C0147,1,95.00,0.05,90.25,30.00,60.25
SO00446,2023-09-21,P015,R07,C0022,3,119.00,0.00,357.00,114.00,243.00
SO00555,2023-09-21,P013,R08,C0099,2,329.00,0.20,526.40,220.00,306.40
SO01261,2023-09-21,P011,R03,C0140,3,39.00,0.15,99.45,36.00,63.45
SO01849,2023-09-21,P003,R06,C0022,1,1199.00,0.00,1199.00,640.00,559.00
SO02010,2023-09-21,P020,R07,C0007,2,29.00,0.05,55.10,16.00,39.10
SO02216,2023-09-21,P007,R08,C0077,5,129.00,0.20,516.00,210.00,306.00
SO02486,2023-09-21,P016,R02,C0175,1,95.00,0.00,95.00,30.00,65.00
SO03178,2023-09-21,P001,R06,C0175,3,699.00,0.10,1887.30,960.00,927.30
SO03295,2023-09-21,P018,R03,C0053,1,89.00,0.05,84.55,28.00,56.55
SO01259,2023-09-22,P013,R06,C0144,1,329.00,0.00,329.00,110.00,219.00
SO01844,2023-09-22,P018,R07,C0127,1,89.00,0.00,89.00,28.00,61.00
SO03112,2023-09-22,P009,R06,C0163,12,99.00,0.20,950.40,408.00,542.40
SO03746,2023-09-22,P005,R02,C0007,3,89.00,0.00,267.00,84.00,183.00
SO00358,2023-09-23,P010,R06,C0163,1,69.00,0.00,69.00,22.00,47.00
SO01744,2023-09-23,P007,R06,C0041,3,129.00,0.05,367.65,126.00,241.65
SO01876,2023-09-23,P009,R08,C0047,1,99.00,0.00,99.00,34.00,65.00
SO02467,2023-09-23,P012,R06,C0090,1,49.00,0.15,41.65,14.00,27.65
SO03010,2023-09-23,P010,R01,C0156,1,69.00,0.00,69.00,22.00,47.00
SO03585,2023-09-23,P015,R06,C0080,2,119.00,0.10,214.20,76.00,138.20
SO00696,2023-09-24,P016,R06,C0120,3,95.00,0.10,256.50,90.00,166.50
SO02327,2023-09-24,P014,R03,C0010,2,499.00,0.05,948.10,360.00,588.10
SO03470,2023-09-24,P018,R06,C0083,2,89.00,0.00,178.00,56.00,122.00
SO00082,2023-09-25,P008,R07,C0156,1,299.00,0.15,254.15,95.00,159.15
SO00378,2023-09-25,P006,R07,C0108,3,179.00,0.05,510.15,165.00,345.15
SO01555,2023-09-25,P004,R07,C0147,4,1899.00,0.00,7596.00,3920.00,3676.00
SO01723,2023-09-25,P012,R01,C0127,2,49.00,0.00,98.00,28.00,70.00
SO02215,2023-09-25,P005,R03,C0102,1,89.00,0.10,80.10,28.00,52.10
SO03000,2023-09-25,P003,R03,C0021,1,1199.00,0.05,1139.05,640.00,499.05
SO03011,2023-09-25,P011,R02,C0092,2,39.00,0.00,78.00,24.00,54.00
SO00192,2023-09-26,P017,R01,C0017,2,199.00,0.00,398.00,130.00,268.00
SO02637,2023-09-26,P001,R04,C0069,1,699.00,0.10,629.10,320.00,309.10
SO03134,2023-09-26,P011,R03,C0137,1,39.00,0.00,39.00,12.00,27.00
SO03983,2023-09-26,P004,R05,C0147,1,1899.00,0.05,1804.05,980.00,824.05
SO01191,2023-09-27,P004,R04,C0134,2,1899.00,0.05,3608.10,1960.00,1648.10
SO02488,2023-09-27,P011,R06,C0007,1,39.00,0.00,39.00,12.00,27.00
SO02497,2023-09-27,P010,R02,C0003,2,69.00,0.00,138.00,44.00,94.00
SO02724,2023-09-27,P014,R06,C0052,3,499.00,0.05,1422.15,540.00,882.15
SO02841,2023-09-27,P012,R06,C0096,2,49.00,0.00,98.00,28.00,70.00
SO03691,2023-09-27,P011,R08,C0103,3,39.00,0.05,111.15,36.00,75.15
SO00530,2023-09-28,P001,R07,C0115,3,699.00,0.05,1992.15,960.00,1032.15
SO01705,2023-09-28,P018,R06,C0148,2,89.00,0.00,178.00,56.00,122.00
SO01923,2023-09-28,P005,R05,C0030,2,89.00,0.00,178.00,56.00,122.00
SO02206,2023-09-28,P001,R05,C0097,1,699.00,0.05,664.05,320.00,344.05
SO02904,2023-09-28,P016,R02,C0113,1,95.00,0.10,85.50,30.00,55.50
SO03044,2023-09-28,P015,R08,C0169,1,119.00,0.00,119.00,38.00,81.00
SO00274,2023-09-29,P004,R01,C0141,1,1899.00,0.00,1899.00,980.00,919.00
SO00622,2023-09-29,P005,R08,C0142,4,89.00,0.00,356.00,112.00,244.00
SO00652,2023-09-29,P019,R07,C0095,4,79.00,0.00,316.00,96.00,220.00
SO00691,2023-09-29,P020,R01,C0026,3,29.00,0.00,87.00,24.00,63.00
SO01293,2023-09-29,P019,R05,C0026,1,79.00,0.10,71.10,24.00,47.10
SO02671,2023-09-29,P018,R08,C0093,4,89.00,0.05,338.20,112.00,226.20
SO00062,2023-10-01,P017,R06,C0135,1,199.00,0.00,199.00,65.00,134.00
SO00308,2023-10-01,P018,R08,C0155,2,89.00,0.00,178.00,56.00,122.00
SO00518,2023-10-01,P002,R03,C0040,2,399.00,0.20,638.40,360.00,278.40
SO00599,2023-10-01,P004,R03,C0018,2,1899.00,0.00,3798.00,1960.00,1838.00
SO01965,2023-10-01,P012,R01,C0121,5,49.00,0.00,245.00,70.00,175.00
SO01970,2023-10-01,P005,R08,C0170,1,89.00,0.00,89.00,28.00,61.00
SO02132,2023-10-01,P002,R05,C0120,5,399.00,0.15,1695.75,900.00,795.75
SO02307,2023-10-01,P012,R07,C0019,1,49.00,0.00,49.00,14.00,35.00
SO03086,2023-10-01,P015,R04,C0172,1,119.00,0.00,119.00,38.00,81.00
SO01331,2023-10-02,P015,R02,C0105,1,119.00,0.20,95.20,38.00,57.20
SO03284,2023-10-02,P005,R04,C0179,1,89.00,0.00,89.00,28.00,61.00
SO03747,2023-10-02,P010,R04,C0087,5,69.00,0.00,345.00,110.00,235.00
SO00068,2023-10-03,P020,R04,C0162,1,29.00,0.00,29.00,8.00,21.00
SO02193,2023-10-03,P015,R04,C0032,3,119.00,0.00,357.00,114.00,243.00
SO02484,2023-10-03,P014,R06,C0022,1,499.00,0.10,449.10,180.00,269.10
SO02490,2023-10-03,P019,R01,C0121,3,79.00,0.00,237.00,72.00,165.00
SO03031,2023-10-03,P016,R05,C0167,1,95.00,0.15,80.75,30.00,50.75
SO03133,2023-10-03,P009,R01,C0020,1,99.00,0.20,79.20,34.00,45.20
SO03464,2023-10-03,P017,R01,C0028,3,199.00,0.00,597.00,195.00,402.00
SO00004,2023-10-04,P002,R04,C0054,8,399.00,0.00,3192.00,1440.00,1752.00
SO00258,2023-10-04,P014,R04,C0067,12,499.00,0.00,5988.00,2160.00,3828.00
SO00454,2023-10-04,P012,R08,C0043,3,49.00,0.00,147.00,42.00,105.00
SO00768,2023-10-04,P004,R02,C0056,3,1899.00,0.00,5697.00,2940.00,2757.00
SO00941,2023-10-04,P010,R02,C0152,1,69.00,0.00,69.00,22.00,47.00
SO01104,2023-10-04,P005,R01,C0136,1,89.00,0.10,80.10,28.00,52.10
SO01170,2023-10-04,P020,R06,C0171,1,29.00,0.05,27.55,8.00,19.55
SO02145,2023-10-04,P005,R03,C0132,2,89.00,0.05,169.10,56.00,113.10
SO03646,2023-10-04,P014,R02,C0167,3,499.00,0.00,1497.00,540.00,957.00
SO03724,2023-10-04,P008,R07,C0157,8,299.00,0.00,2392.00,760.00,1632.00
SO01449,2023-10-05,P005,R07,C0111,1,89.00,0.05,84.55,28.00,56.55
SO03439,2023-10-05,P002,R05,C0072,4,399.00,0.00,1596.00,720.00,876.00
SO03539,2023-10-05,P015,R04,C0162,1,119.00,0.15,101.15,38.00,63.15
SO00323,2023-10-06,P009,R03,C0052,2,99.00,0.15,168.30,68.00,100.30
SO00372,2023-10-06,P001,R01,C0105,1,699.00,0.05,664.05,320.00,344.05
SO00436,2023-10-06,P016,R01,C0168,5,95.00,0.05,451.25,150.00,301.25
SO01571,2023-10-06,P016,R02,C0037,1,95.00,0.15,80.75,30.00,50.75
SO02496,2023-10-06,P019,R05,C0012,1,79.00,0.05,75.05,24.00,51.05
SO03224,2023-10-06,P007,R02,C0060,3,129.00,0.00,387.00,126.00,261.00
SO03243,2023-10-06,P007,R04,C0138,3,129.00,0.05,367.65,126.00,241.65
SO03650,2023-10-06,P007,R02,C0013,8,129.00,0.00,1032.00,336.00,696.00
SO00395,2023-10-07,P016,R07,C0021,3,95.00,0.00,285.00,90.00,195.00
SO01870,2023-10-07,P007,R01,C0157,1,129.00,0.20,103.20,42.00,61.20
SO02085,2023-10-07,P017,R02,C0104,5,199.00,0.15,845.75,325.00,520.75
SO02989,2023-10-07,P006,R01,C0150,2,179.00,0.00,358.00,110.00,248.00
SO00273,2023-10-08,P019,R03,C0124,3,79.00,0.00,237.00,72.00,165.00
SO00977,2023-10-08,P004,R01,C0157,2,1899.00,0.00,3798.00,1960.00,1838.00
SO01580,2023-10-08,P019,R04,C0123,3,79.00,0.05,225.15,72.00,153.15
SO02439,2023-10-08,P015,R04,C0078,3,119.00,0.20,285.60,114.00,171.60
SO03101,2023-10-08,P008,R03,C0065,1,299.00,0.05,284.05,95.00,189.05
SO03184,2023-10-08,P007,R02,C0148,2,129.00,0.05,245.10,84.00,161.10
SO03373,2023-10-08,P017,R02,C0097,2,199.00,0.00,398.00,130.00,268.00
SO03657,2023-10-08,P014,R03,C0157,2,499.00,0.15,848.30,360.00,488.30
SO03953,2023-10-08,P009,R03,C0058,1,99.00,0.00,99.00,34.00,65.00
SO00194,2023-10-09,P012,R03,C0010,5,49.00,0.00,245.00,70.00,175.00
SO02089,2023-10-09,P012,R04,C0116,3,49.00,0.05,139.65,42.00,97.65
SO03483,2023-10-09,P013,R06,C0027,4,329.00,0.10,1184.40,440.00,744.40
SO00324,2023-10-10,P002,R08,C0094,3,399.00,0.00,1197.00,540.00,657.00
SO00872,2023-10-10,P009,R03,C0128,5,99.00,0.20,396.00,170.00,226.00
SO02023,2023-10-10,P001,R04,C0026,2,699.00,0.00,1398.00,640.00,758.00
SO02343,2023-10-10,P016,R03,C0093,1,95.00,0.20,76.00,30.00,46.00
SO02487,2023-10-10,P012,R04,C0113,3,49.00,0.05,139.65,42.00,97.65
SO03537,2023-10-10,P005,R05,C0082,1,89.00,0.05,84.55,28.00,56.55
SO03788,2023-10-10,P006,R01,C0086,2,179.00,0.05,340.10,110.00,230.10
SO00153,2023-10-11,P020,R02,C0136,3,29.00,0.00,87.00,24.00,63.00
SO00246,2023-10-11,P004,R03,C0107,5,1899.00,0.00,9495.00,4900.00,4595.00
SO00990,2023-10-11,P018,R07,C0002,1,89.00,0.15,75.65,28.00,47.65
SO03880,2023-10-11,P005,R08,C0098,2,89.00,0.00,178.00,56.00,122.00
SO00305,2023-10-12,P019,R03,C0171,2,79.00,0.10,142.20,48.00,94.20
SO00973,2023-10-12,P001,R03,C0074,5,699.00,0.20,2796.00,1600.00,1196.00
SO03780,2023-10-12,P001,R08,C0084,2,699.00,0.00,1398.00,640.00,758.00
SO00064,2023-10-13,P020,R08,C0098,3,29.00,0.00,87.00,24.00,63.00
SO01679,2023-10-13,P019,R02,C0050,1,79.00,0.15,67.15,24.00,43.15
SO02162,2023-10-13,P015,R08,C0053,5,119.00,0.00,595.00,190.00,405.00
SO02961,2023-10-13,P009,R08,C0017,1,99.00,0.00,99.00,34.00,65.00
SO03963,2023-10-13,P008,R05,C0124,4,299.00,0.00,1196.00,380.00,816.00
SO00292,2023-10-14,P019,R05,C0143,2,79.00,0.00,158.00,48.00,110.00
SO00335,2023-10-14,P019,R05,C0019,1,79.00,0.20,63.20,24.00,39.20
SO00898,2023-10-14,P004,R06,C0013,8,1899.00,0.00,15192.00,7840.00,7352.00
SO01040,2023-10-14,P008,R02,C0059,1,299.00,0.00,299.00,95.00,204.00
SO01085,2023-10-14,P007,R02,C0122,8,129.00,0.00,1032.00,336.00,696.00
SO01578,2023-10-14,P017,R05,C0072,1,199.00,0.00,199.00,65.00,134.00
SO03334,2023-10-14,P014,R03,C0142,1,499.00,0.00,499.00,180.00,319.00
SO03681,2023-10-14,P005,R06,C0123,2,89.00,0.20,142.40,56.00,86.40
SO00541,2023-10-15,P006,R04,C0011,1,179.00,0.00,179.00,55.00,124.00
SO00854,2023-10-15,P013,R05,C0045,4,329.00,0.00,1316.00,440.00,876.00
SO01203,2023-10-15,P003,R06,C0019,1,1199.00,0.00,1199.00,640.00,559.00
SO01781,2023-10-15,P012,R06,C0147,12,49.00,0.15,499.80,168.00,331.80
SO02615,2023-10-15,P011,R04,C0069,8,39.00,0.00,312.00,96.00,216.00
SO02938,2023-10-15,P015,R08,C0062,1,119.00,0.10,107.10,38.00,69.10
SO00042,2023-10-16,P015,R01,C0038,1,119.00,0.00,119.00,38.00,81.00
SO00119,2023-10-16,P017,R02,C0056,1,199.00,0.05,189.05,65.00,124.05
SO00649,2023-10-16,P008,R03,C0139,3,299.00,0.00,897.00,285.00,612.00
SO00884,2023-10-16,P016,R03,C0031,1,95.00,0.15,80.75,30.00,50.75
SO01632,2023-10-16,P007,R04,C0077,2,129.00,0.10,232.20,84.00,148.20
SO01938,2023-10-16,P011,R03,C0102,3,39.00,0.00,117.00,36.00,81.00
SO02135,2023-10-16,P017,R08,C0156,1,199.00,0.00,199.00,65.00,134.00
SO01000,2023-10-17,P018,R07,C0056,4,89.00,0.00,356.00,112.00,244.00
SO00065,2023-10-18,P011,R05,C0043,2,39.00,0.15,66.30,24.00,42.30
SO01446,2023-10-18,P002,R02,C0156,1,399.00,0.00,399.00,180.00,219.00
SO01638,2023-10-18,P006,R07,C0126,1,179.00,0.05,170.05,55.00,115.05
SO00061,2023-10-19,P009,R01,C0165,2,99.00,0.00,198.00,68.00,130.00
SO00260,2023-10-19,P001,R01,C0065,8,699.00,0.00,5592.00,2560.00,3032.00
SO00778,2023-10-19,P019,R02,C0011,1,79.00,0.00,79.00,24.00,55.00
SO01963,2023-10-19,P015,R07,C0109,1,119.00,0.00,119.00,38.00,81.00
SO02823,2023-10-19,P018,R03,C0018,2,89.00,0.00,178.00,56.00,122.00
SO00562,2023-10-20,P008,R07,C0075,1,299.00,0.05,284.05,95.00,189.05
SO03612,2023-10-20,P015,R02,C0059,1,119.00,0.10,107.10,38.00,69.10
SO03937,2023-10-20,P016,R08,C0106,1,95.00,0.05,90.25,30.00,60.25
SO00512,2023-10-21,P004,R08,C0125,2,1899.00,0.00,3798.00,1960.00,1838.00
SO03316,2023-10-21,P003,R03,C0054,3,1199.00,0.05,3417.15,1920.00,1497.15
SO00937,2023-10-22,P003,R03,C0072,2,1199.00,0.00,2398.00,1280.00,1118.00
SO01706,2023-10-22,P019,R05,C0110,1,79.00,0.00,79.00,24.00,55.00
SO03017,2023-10-22,P015,R07,C0150,8,119.00,0.00,952.00,304.00,648.00
SO03055,2023-10-22,P007,R07,C0144,5,129.00,0.00,645.00,210.00,435.00
SO03300,2023-10-22,P017,R02,C0082,2,199.00,0.00,398.00,130.00,268.00
SO00356,2023-10-23,P013,R03,C0015,1,329.00,0.00,329.00,110.00,219.00
SO00521,2023-10-23,P020,R05,C0120,1,29.00,0.10,26.10,8.00,18.10
SO01793,2023-10-23,P006,R08,C0148,1,179.00,0.00,179.00,55.00,124.00
SO02261,2023-10-23,P013,R07,C0175,8,329.00,0.00,2632.00,880.00,1752.00
SO02444,2023-10-23,P016,R01,C0062,1,95.00,0.00,95.00,30.00,65.00
SO02837,2023-10-23,P008,R01,C0117,2,299.00,0.00,598.00,190.00,408.00
SO03365,2023-10-23,P017,R03,C0048,4,199.00,0.10,716.40,260.00,456.40
SO03699,2023-10-23,P003,R07,C0103,1,1199.00,0.20,959.20,640.00,319.20
SO00226,2023-10-24,P014,R07,C0074,8,499.00,0.00,3992.00,1440.00,2552.00
SO00257,2023-10-24,P020,R03,C0003,1,29.00,0.00,29.00,8.00,21.00
SO01237,2023-10-24,P019,R06,C0056,5,79.00,0.00,395.00,120.00,275.00
SO01671,2023-10-24,P004,R05,C0108,4,1899.00,0.00,7596.00,3920.00,3676.00
SO01854,2023-10-24,P009,R03,C0163,3,99.00,0.15,252.45,102.00,150.45
SO02594,2023-10-24,P009,R03,C0074,4,99.00,0.05,376.20,136.00,240.20
SO02716,2023-10-24,P004,R08,C0114,3,1899.00,0.15,4842.45,2940.00,1902.45
SO02734,2023-10-24,P019,R07,C0065,3,79.00,0.10,213.30,72.00,141.30
SO02929,2023-10-24,P016,R03,C0097,4,95.00,0.00,380.00,120.00,260.00
SO03121,2023-10-24,P015,R05,C0003,2,119.00,0.00,238.00,76.00,162.00
SO03149,2023-10-24,P010,R06,C0026,1,69.00,0.00,69.00,22.00,47.00
SO00528,2023-10-25,P019,R02,C0149,8,79.00,0.05,600.40,192.00,408.40
SO01323,2023-10-25,P011,R06,C0091,5,39.00,0.10,175.50,60.00,115.50
SO02379,2023-10-25,P009,R05,C0094,3,99.00,0.05,282.15,102.00,180.15
SO02806,2023-10-25,P012,R08,C0009,2,49.00,0.10,88.20,28.00,60.20
SO03841,2023-10-25,P001,R04,C0039,2,699.00,0.00,1398.00,640.00,758.00
SO00588,2023-10-26,P009,R01,C0180,12,99.00,0.00,1188.00,408.00,780.00
SO01101,2023-10-26,P020,R03,C0101,2,29.00,0.00,58.00,16.00,42.00
SO01132,2023-10-26,P017,R08,C0178,5,199.00,0.15,845.75,325.00,520.75
SO02007,2023-10-26,P018,R06,C0001,2,89.00,0.15,151.30,56.00,95.30
SO00707,2023-10-27,P013,R01,C0107,3,329.00,0.00,987.00,330.00,657.00
SO01235,2023-10-27,P020,R07,C0062,1,29.00,0.10,26.10,8.00,18.10
SO01252,2023-10-27,P011,R07,C0044,12,39.00,0.00,468.00,144.00,324.00
SO01612,2023-10-27,P019,R05,C0053,3,79.00,0.00,237.00,72.00,165.00
SO03211,2023-10-27,P005,R02,C0029,1,89.00,0.00,89.00,28.00,61.00
SO03249,2023-10-27,P017,R07,C0005,2,199.00,0.00,398.00,130.00,268.00
SO03680,2023-10-27,P003,R03,C0007,1,1199.00,0.00,1199.00,640.00,559.00
SO00734,2023-10-28,P014,R03,C0154,3,499.00,0.20,1197.60,540.00,657.60
SO00740,2023-10-28,P015,R06,C0145,1,119.00,0.00,119.00,38.00,81.00
SO01470,2023-10-28,P018,R06,C0019,1,89.00,0.00,89.00,28.00,61.00
SO03074,2023-10-28,P007,R07,C0035,1,129.00,0.05,122.55,42.00,80.55
SO03930,2023-10-28,P011,R08,C0170,2,39.00,0.10,70.20,24.00,46.20
SO00369,2023-10-29,P004,R08,C0141,1,1899.00,0.00,1899.00,980.00,919.00
SO00409,2023-10-29,P015,R01,C0112,2,119.00,0.20,190.40,76.00,114.40
SO01436,2023-10-29,P014,R02,C0130,1,499.00,0.20,399.20,180.00,219.20
SO01882,2023-10-29,P006,R06,C0006,1,179.00,0.00,179.00,55.00,124.00
SO03522,2023-10-29,P020,R07,C0097,2,29.00,0.20,46.40,16.00,30.40
SO03549,2023-10-29,P004,R05,C0168,1,1899.00,0.10,1709.10,980.00,729.10
SO00504,2023-10-30,P002,R04,C0056,3,399.00,0.10,1077.30,540.00,537.30
SO01171,2023-10-30,P005,R07,C0157,8,89.00,0.00,712.00,224.00,488.00
SO01730,2023-10-30,P004,R07,C0069,2,1899.00,0.15,3228.30,1960.00,1268.30
SO02155,2023-10-30,P019,R07,C0041,4,79.00,0.00,316.00,96.00,220.00
SO02712,2023-10-30,P006,R08,C0068,3,179.00,0.00,537.00,165.00,372.00
SO02869,2023-10-30,P013,R08,C0035,1,329.00,0.00,329.00,110.00,219.00
SO02954,2023-10-30,P015,R02,C0026,3,119.00,0.00,357.00,114.00,243.00
SO03191,2023-10-30,P012,R08,C0026,1,49.00,0.00,49.00,14.00,35.00
SO03425,2023-10-30,P018,R02,C0148,2,89.00,0.00,178.00,56.00,122.00
SO00572,2023-10-31,P006,R02,C0176,1,179.00,0.00,179.00,55.00,124.00
SO00944,2023-10-31,P016,R06,C0168,3,95.00,0.10,256.50,90.00,166.50
SO01511,2023-10-31,P019,R02,C0092,2,79.00,0.00,158.00,48.00,110.00
SO02242,2023-10-31,P011,R05,C0086,2,39.00,0.05,74.10,24.00,50.10
SO00073,2023-11-01,P007,R05,C0121,2,129.00,0.00,258.00,84.00,174.00
SO00514,2023-11-01,P019,R07,C0031,2,79.00,0.00,158.00,48.00,110.00
SO00947,2023-11-01,P017,R01,C0070,3,199.00,0.00,597.00,195.00,402.00
SO01708,2023-11-01,P002,R06,C0076,2,399.00,0.00,798.00,360.00,438.00
SO02069,2023-11-01,P006,R05,C0095,3,179.00,0.05,510.15,165.00,345.15
SO02382,2023-11-01,P009,R07,C0064,1,99.00,0.00,99.00,34.00,65.00
SO02432,2023-11-01,P017,R01,C0127,1,199.00,0.00,199.00,65.00,134.00
SO02555,2023-11-01,P008,R01,C0030,1,299.00,0.00,299.00,95.00,204.00
SO02880,2023-11-01,P007,R04,C0178,8,129.00,0.20,825.60,336.00,489.60
SO03869,2023-11-01,P012,R08,C0152,1,49.00,0.15,41.65,14.00,27.65
SO03882,2023-11-01,P012,R08,C0038,1,49.00,0.00,49.00,14.00,35.00
SO00373,2023-11-02,P010,R03,C0173,1,69.00,0.00,69.00,22.00,47.00
SO00482,2023-11-02,P019,R06,C0044,1,79.00,0.00,79.00,24.00,55.00
SO00618,2023-11-02,P010,R05,C0113,2,69.00,0.10,124.20,44.00,80.20
SO00678,2023-11-02,P003,R06,C0021,2,1199.00,0.00,2398.00,1280.00,1118.00
SO00832,2023-11-02,P011,R02,C0169,1,39.00,0.00,39.00,12.00,27.00
SO01128,2023-11-02,P007,R01,C0004,5,129.00,0.00,645.00,210.00,435.00
SO02308,2023-11-02,P013,R05,C0050,3,329.00,0.00,987.00,330.00,657.00
SO03190,2023-11-02,P007,R07,C0040,4,129.00,0.20,412.80,168.00,244.80
SO03670,2023-11-02,P015,R01,C0154,2,119.00,0.20,190.40,76.00,114.40
SO01012,2023-11-03,P006,R01,C0022,1,179.00,0.00,179.00,55.00,124.00
SO01154,2023-11-03,P010,R07,C0009,1,69.00,0.05,65.55,22.00,43.55
SO02029,2023-11-03,P020,R07,C0117,1,29.00,0.00,29.00,8.00,21.00
SO02516,2023-11-03,P006,R08,C0124,3,179.00,0.00,537.00,165.00,372.00
SO02556,2023-11-03,P020,R03,C0084,2,29.00,0.05,55.10,16.00,39.10
SO03021,2023-11-03,P003,R04,C0070,3,1199.00,0.00,3597.00,1920.00,1677.00
SO03207,2023-11-03,P005,R03,C0052,8,89.00,0.00,712.00,224.00,488.00
SO00522,2023-11-04,P010,R05,C0071,4,69.00,0.10,248.40,88.00,160.40
SO00907,2023-11-04,P018,R01,C0059,1,89.00,0.10,80.10,28.00,52.10
SO00956,2023-11-04,P012,R06,C0056,4,49.00,0.00,196.00,56.00,140.00
SO02376,2023-11-04,P001,R04,C0031,2,699.00,0.15,1188.30,640.00,548.30
SO02815,2023-11-04,P015,R01,C0136,1,119.00,0.05,113.05,38.00,75.05
SO03339,2023-11-04,P001,R07,C0023,2,699.00,0.15,1188.30,640.00,548.30
SO01025,2023-11-05,P007,R04,C0014,5,129.00,0.20,516.00,210.00,306.00
SO01241,2023-11-05,P010,R03,C0118,2,69.00,0.00,138.00,44.00,94.00
SO01672,2023-11-05,P013,R06,C0084,1,329.00,0.10,296.10,110.00,186.10
SO02255,2023-11-05,P011,R04,C0111,2,39.00,0.00,78.00,24.00,54.00
SO02259,2023-11-05,P001,R02,C0073,4,699.00,0.00,2796.00,1280.00,1516.00
SO03172,2023-11-05,P010,R03,C0075,1,69.00,0.10,62.10,22.00,40.10
SO00210,2023-11-06,P009,R08,C0103,4,99.00,0.00,396.00,136.00,260.00
SO01270,2023-11-06,P010,R08,C0004,2,69.00,0.00,138.00,44.00,94.00
SO01927,2023-11-06,P015,R08,C0059,3,119.00,0.05,339.15,114.00,225.15
SO02000,2023-11-06,P020,R02,C0149,2,29.00,0.10,52.20,16.00,36.20
SO00733,2023-11-07,P008,R01,C0029,4,299.00,0.00,1196.00,380.00,816.00
SO00827,2023-11-07,P009,R04,C0078,3,99.00,0.00,297.00,102.00,195.00
SO01918,2023-11-07,P019,R06,C0117,2,79.00,0.00,158.00,48.00,110.00
SO02358,2023-11-07,P018,R01,C0153,3,89.00,0.10,240.30,84.00,156.30
SO03461,2023-11-07,P008,R05,C0052,1,299.00,0.20,239.20,95.00,144.20
SO03949,2023-11-07,P008,R08,C0152,4,299.00,0.15,1016.60,380.00,636.60
SO03988,2023-11-07,P008,R03,C0168,2,299.00,0.00,598.00,190.00,408.00
SO00545,2023-11-08,P003,R02,C0049,2,1199.00,0.00,2398.00,1280.00,1118.00
SO00553,2023-11-08,P011,R05,C0142,1,39.00,0.05,37.05,12.00,25.05
SO00918,2023-11-08,P001,R05,C0038,4,699.00,0.15,2376.60,1280.00,1096.60
SO02479,2023-11-08,P016,R06,C0095,1,95.00,0.00,95.00,30.00,65.00
SO02591,2023-11-08,P019,R05,C0043,1,79.00,0.00,79.00,24.00,55.00
SO02605,2023-11-08,P019,R05,C0055,5,79.00,0.00,395.00,120.00,275.00
SO03158,2023-11-08,P018,R02,C0072,4,89.00,0.00,356.00,112.00,244.00
SO03177,2023-11-08,P001,R03,C0037,5,699.00,0.05,3320.25,1600.00,1720.25
SO03200,2023-11-08,P007,R03,C0102,8,129.00,0.00,1032.00,336.00,696.00
SO03875,2023-11-08,P006,R01,C0152,2,179.00,0.00,358.00,110.00,248.00
SO00663,2023-11-09,P015,R06,C0169,1,119.00,0.10,107.10,38.00,69.10
SO00844,2023-11-09,P010,R06,C0039,8,69.00,0.00,552.00,176.00,376.00
SO02107,2023-11-09,P001,R03,C0072,3,699.00,0.00,2097.00,960.00,1137.00
SO02258,2023-11-09,P020,R03,C0155,5,29.00,0.00,145.00,40.00,105.00
SO02339,2023-11-09,P019,R02,C0179,2,79.00,0.00,158.00,48.00,110.00
SO02630,2023-11-09,P011,R05,C0120,2,39.00,0.00,78.00,24.00,54.00
SO00577,2023-11-10,P019,R01,C0110,4,79.00,0.10,284.40,96.00,188.40
SO00670,2023-11-10,P019,R01,C0144,1,79.00,0.00,79.00,24.00,55.00
SO01417,2023-11-10,P004,R07,C0139,2,1899.00,0.00,3798.00,1960.00,1838.00
SO01432,2023-11-10,P015,R01,C0116,1,119.00,0.00,119.00,38.00,81.00
SO01652,2023-11-10,P018,R08,C0177,5,89.00,0.00,445.00,140.00,305.00
SO02063,2023-11-10,P003,R04,C0014,1,1199.00,0.00,1199.00,640.00,559.00
SO02383,2023-11-10,P008,R06,C0159,1,299.00,0.05,284.05,95.00,189.05
SO02875,2023-11-10,P004,R06,C0126,1,1899.00,0.20,1519.20,980.00,539.20
SO02988,2023-11-10,P020,R07,C0055,3,29.00,0.15,73.95,24.00,49.95
SO03147,2023-11-10,P004,R02,C0120,3,1899.00,0.05,5412.15,2940.00,2472.15
SO03579,2023-11-10,P019,R05,C0017,2,79.00,0.05,150.10,48.00,102.10
SO00327,2023-11-11,P004,R08,C0039,3,1899.00,0.15,4842.45,2940.00,1902.45
SO00343,2023-11-11,P010,R08,C0125,5,69.00,0.05,327.75,110.00,217.75
SO00561,2023-11-11,P017,R06,C0021,8,199.00,0.00,1592.00,520.00,1072.00
SO00805,2023-11-11,P003,R01,C0161,2,1199.00,0.00,2398.00,1280.00,1118.00
SO00946,2023-11-11,P005,R06,C0125,1,89.00,0.05,84.55,28.00,56.55
SO01371,2023-11-11,P001,R03,C0041,1,699.00,0.10,629.10,320.00,309.10
SO01686,2023-11-11,P014,R05,C0027,1,499.00,0.00,499.00,180.00,319.00
SO02087,2023-11-11,P017,R03,C0149,2,199.00,0.00,398.00,130.00,268.00
SO02166,2023-11-11,P011,R03,C0129,1,39.00,0.00,39.00,12.00,27.00
SO03041,2023-11-11,P014,R08,C0148,1,499.00,0.00,499.00,180.00,319.00
SO03493,2023-11-11,P006,R04,C0072,1,179.00,0.05,170.05,55.00,115.05
SO00058,2023-11-12,P009,R03,C0052,1,99.00,0.00,99.00,34.00,65.00
SO00184,2023-11-12,P003,R01,C0120,2,1199.00,0.20,1918.40,1280.00,638.40
SO00422,2023-11-12,P016,R01,C0002,1,95.00,0.00,95.00,30.00,65.00
SO00492,2023-11-12,P013,R01,C0132,1,329.00,0.00,329.00,110.00,219.00
SO00502,2023-11-12,P014,R08,C0172,3,499.00,0.05,1422.15,540.00,882.15
SO01322,2023-11-12,P016,R05,C0141,4,95.00,0.00,380.00,120.00,260.00
SO02244,2023-11-12,P004,R05,C0033,5,1899.00,0.00,9495.00,4900.00,4595.00
SO02575,2023-11-12,P001,R02,C0098,1,699.00,0.00,699.00,320.00,379.00
SO02872,2023-11-12,P016,R08,C0118,3,95.00,0.00,285.00,90.00,195.00
SO00548,2023-11-13,P009,R07,C0101,2,99.00,0.00,198.00,68.00,130.00
SO00679,2023-11-13,P012,R05,C0031,3,49.00,0.05,139.65,42.00,97.65
SO01053,2023-11-13,P020,R04,C0093,1,29.00,0.00,29.00,8.00,21.00
SO01528,2023-11-13,P005,R03,C0098,4,89.00,0.00,356.00,112.00,244.00
SO01889,2023-11-13,P009,R04,C0057,1,99.00,0.00,99.00,34.00,65.00
SO02068,2023-11-13,P014,R03,C0131,1,499.00,0.00,499.00,180.00,319.00
SO02492,2023-11-13,P002,R05,C0180,2,399.00,0.05,758.10,360.00,398.10
SO02816,2023-11-13,P006,R08,C0154,2,179.00,0.05,340.10,110.00,230.10
SO03116,2023-11-13,P002,R07,C0071,1,399.00,0.00,399.00,180.00,219.00
SO03651,2023-11-13,P012,R03,C0111,2,49.00,0.05,93.10,28.00,65.10
SO00053,2023-11-14,P020,R07,C0093,12,29.00,0.10,313.20,96.00,217.20
SO00578,2023-11-14,P018,R06,C0105,2,89.00,0.10,160.20,56.00,104.20
SO00806,2023-11-14,P001,R02,C0121,1,699.00,0.00,699.00,320.00,379.00
SO01008,2023-11-14,P003,R06,C0077,1,1199.00,0.10,1079.10,640.00,439.10
SO01458,2023-11-14,P009,R01,C0175,5,99.00,0.05,470.25,170.00,300.25
SO02341,2023-11-14,P006,R05,C0180,3,179.00,0.00,537.00,165.00,372.00
SO02454,2023-11-14,P009,R06,C0169,2,99.00,0.15,168.30,68.00,100.30
SO03111,2023-11-14,P004,R07,C0140,1,1899.00,0.15,1614.15,980.00,634.15
SO03395,2023-11-14,P010,R07,C0169,4,69.00,0.05,262.20,88.00,174.20
SO00362,2023-11-15,P020,R03,C0169,2,29.00,0.10,52.20,16.00,36.20
SO00570,2023-11-15,P001,R08,C0048,2,699.00,0.00,1398.00,640.00,758.00
SO00994,2023-11-15,P007,R07,C0131,1,129.00,0.00,129.00,42.00,87.00
SO01108,2023-11-15,P020,R05,C0027,12,29.00,0.10,313.20,96.00,217.20
SO01481,2023-11-15,P015,R07,C0030,1,119.00,0.05,113.05,38.00,75.05
SO02673,2023-11-15,P007,R08,C0159,1,129.00,0.00,129.00,42.00,87.00
SO03163,2023-11-15,P019,R05,C0052,1,79.00,0.00,79.00,24.00,55.00
SO00107,2023-11-16,P009,R07,C0095,5,99.00,0.00,495.00,170.00,325.00
SO01762,2023-11-16,P013,R03,C0175,3,329.00,0.15,838.95,330.00,508.95
SO00118,2023-11-17,P013,R04,C0166,3,329.00,0.00,987.00,330.00,657.00
SO00360,2023-11-17,P002,R04,C0030,1,399.00,0.00,399.00,180.00,219.00
SO00404,2023-11-17,P019,R08,C0134,1,79.00,0.05,75.05,24.00,51.05
SO00534,2023-11-17,P010,R08,C0067,3,69.00,0.00,207.00,66.00,141.00
SO01027,2023-11-17,P013,R08,C0040,1,329.00,0.00,329.00,110.00,219.00
SO01041,2023-11-17,P010,R06,C0033,5,69.00,0.05,327.75,110.00,217.75
SO01542,2023-11-17,P012,R03,C0004,1,49.00,0.00,49.00,14.00,35.00
SO02523,2023-11-17,P015,R04,C0006,2,119.00,0.00,238.00,76.00,162.00
SO02657,2023-11-17,P010,R06,C0147,2,69.00,0.15,117.30,44.00,73.30
SO02696,2023-11-17,P014,R01,C0180,5,499.00,0.00,2495.00,900.00,1595.00
SO03763,2023-11-17,P001,R05,C0058,2,699.00,0.10,1258.20,640.00,618.20
SO00282,2023-11-18,P013,R04,C0103,1,329.00,0.10,296.10,110.00,186.10
SO01383,2023-11-18,P014,R01,C0034,2,499.00,0.00,998.00,360.00,638.00
SO02146,2023-11-18,P009,R07,C0046,1,99.00,0.00,99.00,34.00,65.00
SO02158,2023-11-18,P001,R08,C0147,1,699.00,0.05,664.05,320.00,344.05
SO03020,2023-11-18,P009,R04,C0073,8,99.00,0.00,792.00,272.00,520.00
SO03608,2023-11-18,P006,R03,C0050,1,179.00,0.05,170.05,55.00,115.05
SO03693,2023-11-18,P019,R01,C0116,1,79.00,0.00,79.00,24.00,55.00
SO03696,2023-11-18,P015,R06,C0088,1,119.00,0.00,119.00,38.00,81.00
SO01402,2023-11-19,P006,R04,C0153,3,179.00,0.00,537.00,165.00,372.00
SO01480,2023-11-19,P003,R04,C0157,1,1199.00,0.00,1199.00,640.00,559.00
SO01560,2023-11-19,P003,R07,C0113,1,1199.00,0.05,1139.05,640.00,499.05
SO03954,2023-11-19,P014,R04,C0148,2,499.00,0.00,998.00,360.00,638.00
SO00063,2023-11-20,P015,R04,C0028,1,119.00,0.10,107.10,38.00,69.10
SO00313,2023-11-20,P012,R07,C0144,2,49.00,0.00,98.00,28.00,70.00
SO00408,2023-11-20,P014,R02,C0093,2,499.00,0.05,948.10,360.00,588.10
SO00516,2023-11-20,P015,R01,C0155,1,119.00,0.10,107.10,38.00,69.10
SO00842,2023-11-20,P015,R06,C0057,3,119.00,0.15,303.45,114.00,189.45
SO01478,2023-11-20,P005,R02,C0128,5,89.00,0.10,400.50,140.00,260.50
SO01497,2023-11-20,P007,R06,C0152,1,129.00,0.00,129.00,42.00,87.00
SO02849,2023-11-20,P013,R07,C0112,4,329.00,0.00,1316.00,440.00,876.00
SO01048,2023-11-21,P011,R01,C0098,3,39.00,0.05,111.15,36.00,75.15
SO02098,2023-11-21,P006,R02,C0091,3,179.00,0.00,537.00,165.00,372.00
SO02364,2023-11-21,P004,R08,C0153,8,1899.00,0.15,12913.20,7840.00,5073.20
SO02618,2023-11-21,P006,R02,C0069,4,179.00,0.00,716.00,220.00,496.00
SO02687,2023-11-21,P002,R06,C0045,5,399.00,0.00,1995.00,900.00,1095.00
SO02688,2023-11-21,P017,R03,C0039,4,199.00,0.00,796.00,260.00,536.00
SO03889,2023-11-21,P004,R08,C0119,1,1899.00,0.00,1899.00,980.00,919.00
SO03985,2023-11-21,P006,R06,C0180,2,179.00,0.05,340.10,110.00,230.10
SO00385,2023-11-22,P020,R06,C0051,2,29.00,0.05,55.10,16.00,39.10
SO00830,2023-11-22,P001,R08,C0033,2,699.00,0.00,1398.00,640.00,758.00
SO01162,2023-11-22,P011,R08,C0032,4,39.00,0.05,148.20,48.00,100.20
SO01169,2023-11-22,P014,R08,C0085,1,499.00,0.00,499.00,180.00,319.00
SO02392,2023-11-22,P003,R07,C0122,2,1199.00,0.10,2158.20,1280.00,878.20
SO02433,2023-11-22,P004,R08,C0136,1,1899.00,0.00,1899.00,980.00,919.00
SO03570,2023-11-22,P010,R07,C0147,2,69.00,0.00,138.00,44.00,94.00
SO00710,2023-11-23,P010,R08,C0121,1,69.00,0.05,65.55,22.00,43.55
SO00972,2023-11-23,P010,R03,C0016,1,69.00,0.05,65.55,22.00,43.55
SO01208,2023-11-23,P001,R05,C0012,8,699.00,0.00,5592.00,2560.00,3032.00
SO01718,2023-11-23,P005,R07,C0006,1,89.00,0.10,80.10,28.00,52.10
SO03217,2023-11-23,P017,R05,C0106,8,199.00,0.00,1592.00,520.00,1072.00
SO03482,2023-11-23,P018,R01,C0131,1,89.00,0.05,84.55,28.00,56.55
SO00606,2023-11-24,P008,R04,C0040,1,299.00,0.00,299.00,95.00,204.00
SO00753,2023-11-24,P015,R03,C0179,3,119.00,0.10,321.30,114.00,207.30
SO01113,2023-11-24,P016,R07,C0117,8,95.00,0.00,760.00,240.00,520.00
SO01290,2023-11-24,P002,R05,C0104,1,399.00,0.20,319.20,180.00,139.20
SO01731,2023-11-24,P017,R08,C0067,1,199.00,0.00,199.00,65.00,134.00
SO01999,2023-11-24,P018,R02,C0096,3,89.00,0.00,267.00,84.00,183.00
SO02070,2023-11-24,P015,R01,C0066,3,119.00,0.10,321.30,114.00,207.30
SO02123,2023-11-24,P017,R01,C0014,3,199.00,0.00,597.00,195.00,402.00
SO02658,2023-11-24,P019,R04,C0058,1,79.00,0.15,67.15,24.00,43.15
SO03762,2023-11-24,P016,R05,C0021,2,95.00,0.00,190.00,60.00,130.00
SO03789,2023-11-24,P008,R07,C0171,1,299.00,0.05,284.05,95.00,189.05
SO00001,2023-11-25,P016,R08,C0139,1,95.00,0.00,95.00,30.00,65.00
SO00139,2023-11-25,P014,R04,C0125,2,499.00,0.10,898.20,360.00,538.20
SO00368,2023-11-25,P009,R07,C0037,1,99.00,0.00,99.00,34.00,65.00
SO00596,2023-11-25,P001,R03,C0105,2,699.00,0.10,1258.20,640.00,618.20
SO02283,2023-11-25,P002,R06,C0056,2,399.00,0.15,678.30,360.00,318.30
SO02293,2023-11-25,P002,R08,C0169,1,399.00,0.10,359.10,180.00,179.10
SO02504,2023-11-25,P004,R05,C0015,2,1899.00,0.05,3608.10,1960.00,1648.10
SO03242,2023-11-25,P009,R01,C0175,3,99.00,0.00,297.00,102.00,195.00
SO03418,2023-11-25,P007,R05,C0086,8,129.00,0.10,928.80,336.00,592.80
SO00019,2023-11-26,P016,R02,C0029,4,95.00,0.05,361.00,120.00,241.00
SO00171,2023-11-26,P015,R03,C0123,1,119.00,0.00,119.00,38.00,81.00
SO00440,2023-11-26,P009,R02,C0108,2,99.00,0.05,188.10,68.00,120.10
SO00935,2023-11-26,P020,R03,C0142,1,29.00,0.00,29.00,8.00,21.00
SO01550,2023-11-26,P002,R07,C0098,2,399.00,0.00,798.00,360.00,438.00
SO01782,2023-11-26,P002,R07,C0098,5,399.00,0.00,1995.00,900.00,1095.00
SO01886,2023-11-26,P011,R07,C0084,1,39.00,0.00,39.00,12.00,27.00
SO02463,2023-11-26,P019,R05,C0033,1,79.00,0.00,79.00,24.00,55.00
SO02619,2023-11-26,P017,R06,C0160,8,199.00,0.05,1512.40,520.00,992.40
SO03187,2023-11-26,P002,R07,C0030,1,399.00,0.05,379.05,180.00,199.05
SO03719,2023-11-26,P007,R03,C0045,4,129.00,0.00,516.00,168.00,348.00
SO00268,2023-11-27,P012,R04,C0090,1,49.00,0.00,49.00,14.00,35.00
SO00486,2023-11-27,P004,R08,C0013,2,1899.00,0.00,3798.00,1960.00,1838.00
SO01346,2023-11-27,P004,R08,C0114,2,1899.00,0.15,3228.30,1960.00,1268.30
SO01585,2023-11-27,P014,R07,C0065,5,499.00,0.00,2495.00,900.00,1595.00
SO01837,2023-11-27,P019,R02,C0058,3,79.00,0.00,237.00,72.00,165.00
SO02177,2023-11-27,P012,R01,C0002,4,49.00,0.15,166.60,56.00,110.60
SO03529,2023-11-27,P005,R05,C0044,4,89.00,0.10,320.40,112.00,208.40
SO03694,2023-11-27,P005,R08,C0112,4,89.00,0.10,320.40,112.00,208.40
SO03809,2023-11-27,P017,R06,C0101,4,199.00,0.10,716.40,260.00,456.40
SO00014,2023-11-28,P014,R08,C0118,1,499.00,0.05,474.05,180.00,294.05
SO00731,2023-11-28,P001,R01,C0025,2,699.00,0.00,1398.00,640.00,758.00
SO00978,2023-11-28,P016,R02,C0001,1,95.00,0.00,95.00,30.00,65.00
SO01124,2023-11-28,P002,R07,C0043,2,399.00,0.00,798.00,360.00,438.00
SO01274,2023-11-28,P006,R08,C0064,5,179.00,0.00,895.00,275.00,620.00
SO01549,2023-11-28,P001,R08,C0179,2,699.00,0.05,1328.10,640.00,688.10
SO01922,2023-11-28,P020,R04,C0040,3,29.00,0.00,87.00,24.00,63.00
SO02108,2023-11-28,P018,R06,C0167,2,89.00,0.05,169.10,56.00,113.10
SO02304,2023-11-28,P009,R02,C0098,1,99.00,0.00,99.00,34.00,65.00
SO02895,2023-11-28,P003,R03,C0008,2,1199.00,0.05,2278.10,1280.00,998.10
SO03289,2023-11-28,P002,R03,C0175,1,399.00,0.05,379.05,180.00,199.05
SO03453,2023-11-28,P008,R02,C0090,1,299.00,0.05,284.05,95.00,189.05
SO03727,2023-11-28,P003,R07,C0165,1,1199.00,0.05,1139.05,640.00,499.05
SO03908,2023-11-28,P004,R06,C0146,12,1899.00,0.10,20509.20,11760.00,8749.20
SO00986,2023-11-29,P012,R06,C0053,1,49.00,0.20,39.20,14.00,25.20
SO01447,2023-11-29,P017,R04,C0022,1,199.00,0.00,199.00,65.00,134.00
SO01588,2023-11-29,P014,R06,C0084,4,499.00,0.00,1996.00,720.00,1276.00
SO01964,2023-11-29,P010,R04,C0178,1,69.00,0.05,65.55,22.00,43.55
SO02302,2023-11-29,P005,R01,C0052,3,89.00,0.00,267.00,84.00,183.00
SO02923,2023-11-29,P020,R02,C0068,2,29.00,0.00,58.00,16.00,42.00
SO03228,2023-11-29,P008,R04,C0049,2,299.00,0.10,538.20,190.00,348.20
SO03934,2023-11-29,P018,R06,C0123,1,89.00,0.00,89.00,28.00,61.00
SO00802,2023-11-30,P015,R05,C0060,2,119.00,0.15,202.30,76.00,126.30
SO01078,2023-11-30,P004,R07,C0050,8,1899.00,0.00,15192.00,7840.00,7352.00
SO01179,2023-11-30,P012,R07,C0168,1,49.00,0.00,49.00,14.00,35.00
SO01188,2023-11-30,P006,R04,C0069,2,179.00,0.00,358.00,110.00,248.00
SO01245,2023-11-30,P001,R07,C0111,1,699.00,0.20,559.20,320.00,239.20
SO01574,2023-11-30,P001,R02,C0159,3,699.00,0.10,1887.30,960.00,927.30
SO01609,2023-11-30,P016,R07,C0087,1,95.00,0.05,90.25,30.00,60.25
SO02251,2023-11-30,P006,R06,C0050,3,179.00,0.05,510.15,165.00,345.15
SO02317,2023-11-30,P006,R08,C0011,2,179.00,0.00,358.00,110.00,248.00
SO02627,2023-11-30,P009,R06,C0058,3,99.00,0.00,297.00,102.00,195.00
SO02840,2023-11-30,P006,R01,C0037,5,179.00,0.05,850.25,275.00,575.25
SO00054,2023-12-01,P015,R06,C0056,2,119.00,0.05,226.10,76.00,150.10
SO00758,2023-12-01,P007,R04,C0128,1,129.00,0.05,122.55,42.00,80.55
SO00900,2023-12-01,P020,R06,C0106,2,29.00,0.00,58.00,16.00,42.00
SO01289,2023-12-01,P006,R03,C0175,1,179.00,0.00,179.00,55.00,124.00
SO01347,2023-12-01,P013,R03,C0034,1,329.00,0.00,329.00,110.00,219.00
SO01610,2023-12-01,P012,R04,C0030,5,49.00,0.00,245.00,70.00,175.00
SO01945,2023-12-01,P007,R02,C0157,4,129.00,0.00,516.00,168.00,348.00
SO02398,2023-12-01,P005,R02,C0081,3,89.00,0.00,267.00,84.00,183.00
SO02757,2023-12-01,P009,R08,C0063,8,99.00,0.20,633.60,272.00,361.60
SO00448,2023-12-02,P018,R05,C0112,2,89.00,0.10,160.20,56.00,104.20
SO01364,2023-12-02,P010,R01,C0165,2,69.00,0.20,110.40,44.00,66.40
SO02059,2023-12-02,P019,R07,C0159,1,79.00,0.20,63.20,24.00,39.20
SO02623,2023-12-02,P013,R01,C0110,2,329.00,0.00,658.00,220.00,438.00
SO02902,2023-12-02,P006,R08,C0089,2,179.00,0.05,340.10,110.00,230.10
SO03077,2023-12-02,P001,R05,C0051,3,699.00,0.00,2097.00,960.00,1137.00
SO03266,2023-12-02,P018,R01,C0166,5,89.00,0.15,378.25,140.00,238.25
SO03349,2023-12-02,P011,R02,C0007,1,39.00,0.00,39.00,12.00,27.00
SO03673,2023-12-02,P013,R07,C0134,2,329.00,0.00,658.00,220.00,438.00
SO00122,2023-12-03,P004,R06,C0090,3,1899.00,0.00,5697.00,2940.00,2757.00
SO00605,2023-12-03,P006,R08,C0178,2,179.00,0.00,358.00,110.00,248.00
SO00838,2023-12-03,P017,R04,C0168,1,199.00,0.15,169.15,65.00,104.15
SO02851,2023-12-03,P008,R06,C0051,2,299.00,0.15,508.30,190.00,318.30
SO03025,2023-12-03,P010,R03,C0044,4,69.00,0.00,276.00,88.00,188.00
SO03318,2023-12-03,P020,R08,C0010,1,29.00,0.00,29.00,8.00,21.00
SO03624,2023-12-03,P018,R04,C0031,5,89.00,0.10,400.50,140.00,260.50
SO01058,2023-12-04,P005,R04,C0089,4,89.00,0.00,356.00,112.00,244.00
SO01424,2023-12-04,P016,R07,C0029,1,95.00,0.05,90.25,30.00,60.25
SO02167,2023-12-04,P007,R03,C0077,8,129.00,0.10,928.80,336.00,592.80
SO02722,2023-12-04,P013,R03,C0112,4,329.00,0.00,1316.00,440.00,876.00
SO02793,2023-12-04,P016,R07,C0152,4,95.00,0.00,380.00,120.00,260.00
SO03082,2023-12-04,P015,R04,C0072,3,119.00,0.00,357.00,114.00,243.00
SO03229,2023-12-04,P009,R08,C0009,1,99.00,0.00,99.00,34.00,65.00
SO03709,2023-12-04,P014,R06,C0178,4,499.00,0.00,1996.00,720.00,1276.00
SO02003,2023-12-05,P019,R08,C0084,2,79.00,0.00,158.00,48.00,110.00
SO03850,2023-12-05,P012,R07,C0162,3,49.00,0.00,147.00,42.00,105.00
SO00383,2023-12-06,P005,R06,C0104,1,89.00,0.05,84.55,28.00,56.55
SO00399,2023-12-06,P015,R07,C0088,1,119.00,0.00,119.00,38.00,81.00
SO01379,2023-12-06,P010,R02,C0004,1,69.00,0.05,65.55,22.00,43.55
SO01943,2023-12-06,P004,R05,C0070,5,1899.00,0.15,8070.75,4900.00,3170.75
SO01966,2023-12-06,P015,R07,C0058,1,119.00,0.00,119.00,38.00,81.00
SO02082,2023-12-06,P018,R03,C0152,3,89.00,0.00,267.00,84.00,183.00
SO02271,2023-12-06,P015,R01,C0155,3,119.00,0.10,321.30,114.00,207.30
SO00434,2023-12-07,P014,R03,C0118,4,499.00,0.00,1996.00,720.00,1276.00
SO00628,2023-12-07,P008,R05,C0035,3,299.00,0.10,807.30,285.00,522.30
SO01448,2023-12-07,P015,R01,C0075,2,119.00,0.00,238.00,76.00,162.00
SO02707,2023-12-07,P009,R07,C0087,4,99.00,0.20,316.80,136.00,180.80
SO02948,2023-12-07,P001,R08,C0052,3,699.00,0.00,2097.00,960.00,1137.00
SO03093,2023-12-07,P010,R05,C0082,2,69.00,0.00,138.00,44.00,94.00
SO03905,2023-12-07,P009,R04,C0040,3,99.00,0.00,297.00,102.00,195.00
SO03943,2023-12-07,P003,R06,C0070,5,1199.00,0.10,5395.50,3200.00,2195.50
SO00089,2023-12-08,P002,R01,C0114,1,399.00,0.10,359.10,180.00,179.10
SO00479,2023-12-08,P018,R08,C0109,2,89.00,0.00,178.00,56.00,122.00
SO00573,2023-12-08,P004,R07,C0011,1,1899.00,0.15,1614.15,980.00,634.15
SO00999,2023-12-08,P011,R08,C0060,1,39.00,0.05,37.05,12.00,25.05
SO01229,2023-12-08,P014,R04,C0143,1,499.00,0.00,499.00,180.00,319.00
SO02462,2023-12-08,P006,R05,C0084,1,179.00,0.00,179.00,55.00,124.00
SO02730,2023-12-08,P011,R04,C0103,1,39.00,0.00,39.00,12.00,27.00
SO02944,2023-12-08,P003,R07,C0124,1,1199.00,0.00,1199.00,640.00,559.00
SO03553,2023-12-08,P018,R06,C0072,2,89.00,0.05,169.10,56.00,113.10
SO03567,2023-12-08,P013,R05,C0085,3,329.00,0.15,838.95,330.00,508.95
SO03644,2023-12-08,P002,R06,C0134,1,399.00,0.00,399.00,180.00,219.00
SO00571,2023-12-09,P005,R02,C0038,3,89.00,0.00,267.00,84.00,183.00
SO01071,2023-12-09,P003,R03,C0037,12,1199.00,0.00,14388.00,7680.00,6708.00
SO01200,2023-12-09,P016,R04,C0109,2,95.00,0.00,190.00,60.00,130.00
SO01861,2023-12-09,P013,R06,C0143,5,329.00,0.00,1645.00,550.00,1095.00
SO01912,2023-12-09,P004,R05,C0096,3,1899.00,0.00,5697.00,2940.00,2757.00
SO02006,2023-12-09,P020,R01,C0039,3,29.00,0.00,87.00,24.00,63.00
SO02049,2023-12-09,P003,R04,C0074,1,1199.00,0.00,1199.00,640.00,559.00
SO02509,2023-12-09,P011,R02,C0101,3,39.00,0.00,117.00,36.00,81.00
SO02669,2023-12-09,P018,R03,C0138,5,89.00,0.05,422.75,140.00,282.75
SO02703,2023-12-09,P017,R07,C0124,5,199.00,0.05,945.25,325.00,620.25
SO02773,2023-12-09,P013,R01,C0138,4,329.00,0.20,1052.80,440.00,612.80
SO02953,2023-12-09,P008,R05,C0059,1,299.00,0.15,254.15,95.00,159.15
SO03441,2023-12-09,P013,R08,C0044,4,329.00,0.10,1184.40,440.00,744.40
SO03452,2023-12-09,P015,R04,C0125,1,119.00,0.10,107.10,38.00,69.10
SO03610,2023-12-09,P020,R01,C0144,2,29.00,0.00,58.00,16.00,42.00
SO03819,2023-12-09,P018,R02,C0080,1,89.00,0.00,89.00,28.00,61.00
SO03835,2023-12-09,P008,R03,C0152,1,299.00,0.05,284.05,95.00,189.05
SO03920,2023-12-09,P017,R01,C0149,4,199.00,0.05,756.20,260.00,496.20
SO01764,2023-12-10,P014,R08,C0149,1,499.00,0.15,424.15,180.00,244.15
SO02583,2023-12-10,P013,R05,C0146,2,329.00,0.00,658.00,220.00,438.00
SO02641,2023-12-10,P019,R08,C0028,2,79.00,0.10,142.20,48.00,94.20
SO03128,2023-12-10,P003,R01,C0179,1,1199.00,0.00,1199.00,640.00,559.00
SO03151,2023-12-10,P012,R08,C0179,1,49.00,0.00,49.00,14.00,35.00
SO03175,2023-12-10,P013,R01,C0106,5,329.00,0.05,1562.75,550.00,1012.75
SO00671,2023-12-11,P012,R06,C0100,4,49.00,0.20,156.80,56.00,100.80
SO01121,2023-12-11,P014,R01,C0117,1,499.00,0.15,424.15,180.00,244.15
SO03308,2023-12-11,P017,R05,C0165,3,199.00,0.00,597.00,195.00,402.00
SO03503,2023-12-11,P016,R06,C0142,1,95.00,0.05,90.25,30.00,60.25
SO03559,2023-12-11,P020,R01,C0160,8,29.00,0.00,232.00,64.00,168.00
SO03625,2023-12-11,P020,R06,C0082,5,29.00,0.15,123.25,40.00,83.25
SO00574,2023-12-12,P010,R01,C0088,1,69.00,0.05,65.55,22.00,43.55
SO00609,2023-12-12,P015,R01,C0055,1,119.00,0.00,119.00,38.00,81.00
SO01838,2023-12-12,P007,R03,C0106,1,129.00,0.00,129.00,42.00,87.00
SO01873,2023-12-12,P001,R01,C0164,2,699.00,0.20,1118.40,640.00,478.40
SO03130,2023-12-12,P014,R08,C0088,2,499.00,0.05,948.10,360.00,588.10
SO03931,2023-12-12,P004,R03,C0110,8,1899.00,0.00,15192.00,7840.00,7352.00
SO00939,2023-12-13,P010,R04,C0121,8,69.00,0.00,552.00,176.00,376.00
SO02513,2023-12-13,P006,R02,C0136,8,179.00,0.15,1217.20,440.00,777.20
SO03556,2023-12-13,P020,R06,C0147,4,29.00,0.00,116.00,32.00,84.00
SO00263,2023-12-14,P011,R02,C0138,1,39.00,0.00,39.00,12.00,27.00
SO01269,2023-12-14,P014,R06,C0020,4,499.00,0.00,1996.00,720.00,1276.00
SO01562,2023-12-14,P013,R04,C0138,8,329.00,0.00,2632.00,880.00,1752.00
SO01851,2023-12-14,P012,R08,C0137,3,49.00,0.00,147.00,42.00,105.00
SO02915,2023-12-14,P016,R02,C0018,1,95.00,0.00,95.00,30.00,65.00
SO03366,2023-12-14,P007,R08,C0107,1,129.00,0.10,116.10,42.00,74.10
SO03845,2023-12-14,P001,R04,C0025,3,699.00,0.00,2097.00,960.00,1137.00
SO00589,2023-12-15,P007,R06,C0147,3,129.00,0.00,387.00,126.00,261.00
SO00736,2023-12-15,P008,R07,C0093,3,299.00,0.00,897.00,285.00,612.00
SO00914,2023-12-15,P010,R05,C0030,2,69.00,0.00,138.00,44.00,94.00
SO01329,2023-12-15,P019,R04,C0022,2,79.00,0.00,158.00,48.00,110.00
SO01372,2023-12-15,P017,R02,C0129,5,199.00,0.15,845.75,325.00,520.75
SO02131,2023-12-15,P018,R01,C0087,1,89.00,0.00,89.00,28.00,61.00
SO02405,2023-12-15,P004,R08,C0055,3,1899.00,0.00,5697.00,2940.00,2757.00
SO02628,2023-12-15,P001,R03,C0070,3,699.00,0.10,1887.30,960.00,927.30
SO03566,2023-12-15,P016,R06,C0131,1,95.00,0.00,95.00,30.00,65.00
SO01258,2023-12-16,P005,R02,C0029,1,89.00,0.00,89.00,28.00,61.00
SO02241,2023-12-16,P012,R08,C0045,3,49.00,0.10,132.30,42.00,90.30
SO02268,2023-12-16,P004,R03,C0173,1,1899.00,0.00,1899.00,980.00,919.00
SO02787,2023-12-16,P003,R01,C0085,8,1199.00,0.00,9592.00,5120.00,4472.00
SO02874,2023-12-16,P003,R03,C0147,1,1199.00,0.10,1079.10,640.00,439.10
SO02985,2023-12-16,P018,R03,C0123,1,89.00,0.05,84.55,28.00,56.55
SO03472,2023-12-16,P009,R02,C0038,2,99.00,0.10,178.20,68.00,110.20
SO03630,2023-12-16,P018,R03,C0071,3,89.00,0.00,267.00,84.00,183.00
SO00168,2023-12-17,P020,R08,C0110,3,29.00,0.05,82.65,24.00,58.65
SO00927,2023-12-17,P013,R08,C0049,1,329.00,0.15,279.65,110.00,169.65
SO01120,2023-12-17,P016,R01,C0161,8,95.00,0.00,760.00,240.00,520.00
SO01742,2023-12-17,P017,R02,C0049,2,199.00,0.00,398.00,130.00,268.00
SO02440,2023-12-17,P001,R05,C0180,5,699.00,0.00,3495.00,1600.00,1895.00
SO03474,2023-12-17,P002,R06,C0168,1,399.00,0.00,399.00,180.00,219.00
SO03662,2023-12-17,P019,R05,C0072,1,79.00,0.10,71.10,24.00,47.10
SO01197,2023-12-18,P008,R08,C0061,12,299.00,0.00,3588.00,1140.00,2448.00
SO01933,2023-12-18,P006,R02,C0089,1,179.00,0.00,179.00,55.00,124.00
SO01957,2023-12-18,P013,R01,C0178,1,329.00,0.05,312.55,110.00,202.55
SO02755,2023-12-18,P003,R05,C0034,5,1199.00,0.10,5395.50,3200.00,2195.50
SO02785,2023-12-18,P010,R01,C0110,1,69.00,0.05,65.55,22.00,43.55
SO03388,2023-12-18,P007,R02,C0044,1,129.00,0.00,129.00,42.00,87.00
SO03416,2023-12-18,P017,R05,C0162,4,199.00,0.10,716.40,260.00,456.40
SO00403,2023-12-19,P017,R02,C0001,3,199.00,0.00,597.00,195.00,402.00
SO00642,2023-12-19,P013,R03,C0113,2,329.00,0.00,658.00,220.00,438.00
SO00958,2023-12-19,P020,R02,C0014,3,29.00,0.00,87.00,24.00,63.00
SO01295,2023-12-19,P019,R08,C0039,2,79.00,0.05,150.10,48.00,102.10
SO01305,2023-12-19,P009,R02,C0160,4,99.00,0.00,396.00,136.00,260.00
SO01396,2023-12-19,P008,R08,C0141,3,299.00,0.05,852.15,285.00,567.15
SO02318,2023-12-19,P009,R03,C0106,1,99.00,0.10,89.10,34.00,55.10
SO02326,2023-12-19,P012,R02,C0059,2,49.00,0.00,98.00,28.00,70.00
SO02836,2023-12-19,P010,R01,C0152,8,69.00,0.05,524.40,176.00,348.40
SO03216,2023-12-19,P003,R07,C0019,1,1199.00,0.00,1199.00,640.00,559.00
SO03995,2023-12-19,P012,R07,C0086,3,49.00,0.10,132.30,42.00,90.30
SO00672,2023-12-20,P008,R05,C0143,5,299.00,0.15,1270.75,475.00,795.75
SO00703,2023-12-20,P017,R01,C0067,2,199.00,0.00,398.00,130.00,268.00
SO01472,2023-12-20,P016,R06,C0140,5,95.00,0.15,403.75,150.00,253.75
SO01845,2023-12-20,P014,R05,C0104,5,499.00,0.15,2120.75,900.00,1220.75
SO01937,2023-12-20,P005,R07,C0109,5,89.00,0.00,445.00,140.00,305.00
SO02834,2023-12-20,P013,R04,C0013,1,329.00,0.15,279.65,110.00,169.65
SO03440,2023-12-20,P005,R05,C0003,1,89.00,0.05,84.55,28.00,56.55
SO03445,2023-12-20,P008,R01,C0050,1,299.00,0.05,284.05,95.00,189.05
SO01829,2023-12-21,P011,R04,C0172,2,39.00,0.20,62.40,24.00,38.40
SO02390,2023-12-21,P005,R06,C0133,3,89.00,0.00,267.00,84.00,183.00
SO03089,2023-12-21,P017,R08,C0056,1,199.00,0.05,189.05,65.00,124.05
SO03150,2023-12-21,P015,R01,C0018,3,119.00,0.00,357.00,114.00,243.00
SO03268,2023-12-21,P013,R04,C0142,8,329.00,0.00,2632.00,880.00,1752.00
SO03773,2023-12-21,P014,R06,C0119,1,499.00,0.00,499.00,180.00,319.00
SO01316,2023-12-22,P001,R01,C0124,1,699.00,0.05,664.05,320.00,344.05
SO01467,2023-12-22,P004,R01,C0081,1,1899.00,0.00,1899.00,980.00,919.00
SO01475,2023-12-22,P019,R03,C0179,3,79.00,0.00,237.00,72.00,165.00
SO01621,2023-12-22,P006,R06,C0114,1,179.00,0.05,170.05,55.00,115.05
SO01864,2023-12-22,P006,R03,C0171,2,179.00,0.00,358.00,110.00,248.00
SO02218,2023-12-22,P007,R03,C0032,1,129.00,0.20,103.20,42.00,61.20
SO02359,2023-12-22,P003,R07,C0014,4,1199.00,0.00,4796.00,2560.00,2236.00
SO02478,2023-12-22,P003,R02,C0125,1,1199.00,0.00,1199.00,640.00,559.00
SO02505,2023-12-22,P015,R08,C0137,2,119.00,0.00,238.00,76.00,162.00
SO02602,2023-12-22,P007,R06,C0162,1,129.00,0.10,116.10,42.00,74.10
SO02772,2023-12-22,P013,R06,C0077,1,329.00,0.05,312.55,110.00,202.55
SO00094,2023-12-23,P012,R08,C0070,1,49.00,0.05,46.55,14.00,32.55
SO00934,2023-12-23,P018,R04,C0063,1,89.00,0.15,75.65,28.00,47.65
SO01883,2023-12-23,P005,R05,C0090,8,89.00,0.00,712.00,224.00,488.00
SO01910,2023-12-23,P006,R01,C0028,1,179.00,0.10,161.10,55.00,106.10
SO01934,2023-12-23,P007,R05,C0028,2,129.00,0.00,258.00,84.00,174.00
SO01975,2023-12-23,P008,R01,C0071,5,299.00,0.00,1495.00,475.00,1020.00
SO02399,2023-12-23,P009,R08,C0175,3,99.00,0.00,297.00,102.00,195.00
SO02421,2023-12-23,P005,R05,C0149,1,89.00,0.15,75.65,28.00,47.65
SO02586,2023-12-23,P011,R05,C0102,2,39.00,0.15,66.30,24.00,42.30
SO02987,2023-12-23,P009,R07,C0006,2,99.00,0.00,198.00,68.00,130.00
SO03965,2023-12-23,P017,R01,C0001,1,199.00,0.00,199.00,65.00,134.00
SO00430,2023-12-24,P016,R04,C0095,1,95.00,0.05,90.25,30.00,60.25
SO01855,2023-12-24,P014,R02,C0120,3,499.00,0.00,1497.00,540.00,957.00
SO02253,2023-12-24,P011,R01,C0139,1,39.00,0.20,31.20,12.00,19.20
SO02387,2023-12-24,P015,R05,C0097,3,119.00,0.00,357.00,114.00,243.00
SO02410,2023-12-24,P007,R01,C0094,3,129.00,0.00,387.00,126.00,261.00
SO02562,2023-12-24,P019,R06,C0024,1,79.00,0.00,79.00,24.00,55.00
SO03817,2023-12-24,P007,R08,C0023,1,129.00,0.05,122.55,42.00,80.55
SO00123,2023-12-25,P009,R05,C0170,8,99.00,0.00,792.00,272.00,520.00
SO00154,2023-12-25,P016,R07,C0073,1,95.00,0.10,85.50,30.00,55.50
SO00215,2023-12-25,P018,R05,C0007,1,89.00,0.05,84.55,28.00,56.55
SO00598,2023-12-25,P012,R08,C0094,1,49.00,0.00,49.00,14.00,35.00
SO02175,2023-12-25,P001,R06,C0176,4,699.00,0.00,2796.00,1280.00,1516.00
SO03015,2023-12-25,P007,R02,C0161,3,129.00,0.00,387.00,126.00,261.00
SO03406,2023-12-25,P008,R07,C0009,1,299.00,0.10,269.10,95.00,174.10
SO00407,2023-12-26,P013,R07,C0039,2,329.00,0.00,658.00,220.00,438.00
SO01714,2023-12-26,P020,R02,C0005,1,29.00,0.05,27.55,8.00,19.55
SO03026,2023-12-26,P010,R06,C0168,4,69.00,0.00,276.00,88.00,188.00
SO03515,2023-12-26,P002,R08,C0164,12,399.00,0.20,3830.40,2160.00,1670.40
SO03588,2023-12-26,P005,R06,C0107,8,89.00,0.05,676.40,224.00,452.40
SO00537,2023-12-27,P017,R03,C0025,1,199.00,0.15,169.15,65.00,104.15
SO00793,2023-12-27,P006,R03,C0081,2,179.00,0.05,340.10,110.00,230.10
SO01684,2023-12-27,P002,R03,C0094,2,399.00,0.00,798.00,360.00,438.00
SO01719,2023-12-27,P013,R01,C0033,1,329.00,0.00,329.00,110.00,219.00
SO01769,2023-12-27,P008,R06,C0057,2,299.00,0.00,598.00,190.00,408.00
SO02336,2023-12-27,P014,R05,C0128,2,499.00,0.00,998.00,360.00,638.00
SO02617,2023-12-27,P012,R04,C0107,5,49.00,0.10,220.50,70.00,150.50
SO03007,2023-12-27,P009,R05,C0117,1,99.00,0.00,99.00,34.00,65.00
SO03087,2023-12-27,P015,R01,C0028,3,119.00,0.05,339.15,114.00,225.15
SO03361,2023-12-27,P012,R08,C0154,1,49.00,0.00,49.00,14.00,35.00
SO01552,2023-12-28,P003,R05,C0110,12,1199.00,0.15,12229.80,7680.00,4549.80
SO02910,2023-12-28,P013,R01,C0139,3,329.00,0.15,838.95,330.00,508.95
SO02965,2023-12-28,P001,R02,C0018,1,699.00,0.00,699.00,320.00,379.00
SO03141,2023-12-28,P015,R03,C0088,1,119.00,0.10,107.10,38.00,69.10
SO00018,2023-12-29,P007,R08,C0025,2,129.00,0.00,258.00,84.00,174.00
SO00636,2023-12-29,P002,R04,C0038,1,399.00,0.00,399.00,180.00,219.00
SO01148,2023-12-29,P019,R03,C0060,4,79.00,0.10,284.40,96.00,188.40
SO01190,2023-12-29,P012,R04,C0105,1,49.00,0.00,49.00,14.00,35.00
SO01192,2023-12-29,P002,R02,C0107,2,399.00,0.00,798.00,360.00,438.00
SO01423,2023-12-29,P001,R01,C0019,3,699.00,0.00,2097.00,960.00,1137.00
SO01618,2023-12-29,P016,R01,C0079,2,95.00,0.00,190.00,60.00,130.00
SO02119,2023-12-29,P010,R07,C0163,1,69.00,0.00,69.00,22.00,47.00
SO02539,2023-12-29,P004,R03,C0022,3,1899.00,0.00,5697.00,2940.00,2757.00
SO03735,2023-12-29,P008,R05,C0014,3,299.00,0.05,852.15,285.00,567.15
SO00003,2023-12-30,P018,R06,C0013,1,89.00,0.05,84.55,28.00,56.55
SO01004,2023-12-30,P011,R05,C0171,2,39.00,0.05,74.10,24.00,50.10
SO01152,2023-12-30,P017,R02,C0064,5,199.00,0.10,895.50,325.00,570.50
SO01378,2023-12-30,P004,R05,C0097,1,1899.00,0.00,1899.00,980.00,919.00
SO01496,2023-12-30,P008,R06,C0041,2,299.00,0.20,478.40,190.00,288.40
SO02661,2023-12-30,P016,R05,C0139,2,95.00,0.00,190.00,60.00,130.00
SO03910,2023-12-30,P006,R07,C0025,1,179.00,0.00,179.00,55.00,124.00
SO00470,2023-12-31,P001,R06,C0016,2,699.00,0.00,1398.00,640.00,758.00
SO00929,2023-12-31,P016,R04,C0056,2,95.00,0.00,190.00,60.00,130.00
SO01438,2023-12-31,P006,R07,C0050,2,179.00,0.00,358.00,110.00,248.00
SO01443,2023-12-31,P008,R01,C0022,1,299.00,0.00,299.00,95.00,204.00
SO01614,2023-12-31,P008,R06,C0104,1,299.00,0.20,239.20,95.00,144.20
SO02136,2023-12-31,P006,R02,C0003,5,179.00,0.20,716.00,275.00,441.00
SO02784,2023-12-31,P014,R03,C0011,1,499.00,0.00,499.00,180.00,319.00
SO02865,2023-12-31,P017,R03,C0172,1,199.00,0.00,199.00,65.00,134.00
SO00204,2024-01-01,P011,R01,C0057,4,39.00,0.15,132.60,48.00,84.60
SO00770,2024-01-01,P018,R06,C0125,1,89.00,0.20,71.20,28.00,43.20
SO01384,2024-01-01,P018,R05,C0113,2,89.00,0.05,169.10,56.00,113.10
SO02299,2024-01-01,P019,R08,C0065,4,79.00,0.00,316.00,96.00,220.00
SO02610,2024-01-01,P007,R06,C0060,2,129.00,0.10,232.20,84.00,148.20
SO00474,2024-01-03,P004,R06,C0135,2,1899.00,0.10,3418.20,1960.00,1458.20
SO01017,2024-01-03,P020,R07,C0123,8,29.00,0.00,232.00,64.00,168.00
SO01755,2024-01-03,P019,R04,C0121,3,79.00,0.05,225.15,72.00,153.15
SO02352,2024-01-03,P002,R04,C0121,8,399.00,0.05,3032.40,1440.00,1592.40
SO02935,2024-01-03,P009,R05,C0020,1,99.00,0.00,99.00,34.00,65.00
SO01193,2024-01-04,P003,R03,C0148,5,1199.00,0.00,5995.00,3200.00,2795.00
SO01036,2024-01-05,P013,R06,C0152,3,329.00,0.00,987.00,330.00,657.00
SO01885,2024-01-05,P004,R02,C0081,1,1899.00,0.05,1804.05,980.00,824.05
SO03140,2024-01-05,P015,R08,C0076,1,119.00,0.00,119.00,38.00,81.00
SO00469,2024-01-06,P014,R02,C0175,2,499.00,0.00,998.00,360.00,638.00
SO01292,2024-01-06,P010,R04,C0168,12,69.00,0.20,662.40,264.00,398.40
SO02179,2024-01-06,P002,R04,C0030,2,399.00,0.15,678.30,360.00,318.30
SO02725,2024-01-06,P013,R04,C0049,2,329.00,0.00,658.00,220.00,438.00
SO03148,2024-01-06,P014,R05,C0080,3,499.00,0.00,1497.00,540.00,957.00
SO00700,2024-01-07,P020,R04,C0115,2,29.00,0.00,58.00,16.00,42.00
SO00708,2024-01-07,P014,R04,C0073,1,499.00,0.05,474.05,180.00,294.05
SO02028,2024-01-07,P018,R08,C0113,1,89.00,0.10,80.10,28.00,52.10
SO02213,2024-01-07,P006,R03,C0032,2,179.00,0.00,358.00,110.00,248.00
SO02319,2024-01-07,P006,R01,C0013,3,179.00,0.00,537.00,165.00,372.00
SO02333,2024-01-07,P006,R03,C0097,1,179.00,0.00,179.00,55.00,124.00
SO03213,2024-01-07,P013,R05,C0047,3,329.00,0.10,888.30,330.00,558.30
SO00255,2024-01-08,P019,R03,C0071,2,79.00,0.05,150.10,48.00,102.10
SO01225,2024-01-08,P010,R02,C0063,1,69.00,0.05,65.55,22.00,43.55
SO01276,2024-01-08,P016,R08,C0167,2,95.00,0.05,180.50,60.00,120.50
SO02182,2024-01-08,P005,R07,C0106,3,89.00,0.05,253.65,84.00,169.65
SO02423,2024-01-08,P014,R02,C0111,1,499.00,0.05,474.05,180.00,294.05
SO00542,2024-01-09,P002,R07,C0063,1,399.00,0.00,399.00,180.00,219.00
SO00754,2024-01-09,P018,R01,C0068,1,89.00,0.10,80.10,28.00,52.10
SO01207,2024-01-09,P018,R01,C0015,3,89.00,0.00,267.00,84.00,183.00
SO01437,2024-01-09,P006,R04,C0059,2,179.00,0.05,340.10,110.00,230.10
SO03927,2024-01-09,P011,R03,C0080,1,39.00,0.00,39.00,12.00,27.00
SO00227,2024-01-10,P006,R01,C0162,3,179.00,0.05,510.15,165.00,345.15
SO02163,2024-01-10,P019,R05,C0002,2,79.00,0.00,158.00,48.00,110.00
SO03193,2024-01-10,P020,R04,C0018,5,29.00,0.00,145.00,40.00,105.00
SO03236,2024-01-10,P015,R01,C0160,1,119.00,0.05,113.05,38.00,75.05
SO02021,2024-01-11,P003,R07,C0157,1,1199.00,0.05,1139.05,640.00,499.05
SO02960,2024-01-11,P005,R07,C0025,5,89.00,0.00,445.00,140.00,305.00
SO03810,2024-01-11,P020,R07,C0039,1,29.00,0.10,26.10,8.00,18.10
SO00186,2024-01-12,P007,R03,C0085,2,129.00,0.00,258.00,84.00,174.00
SO00788,2024-01-12,P019,R04,C0080,2,79.00,0.00,158.00,48.00,110.00
SO01176,2024-01-12,P014,R02,C0140,1,499.00,0.00,499.00,180.00,319.00
SO01576,2024-01-12,P003,R07,C0084,1,1199.00,0.10,1079.10,640.00,439.10
SO03783,2024-01-12,P008,R03,C0176,2,299.00,0.10,538.20,190.00,348.20
SO00604,2024-01-13,P010,R03,C0021,4,69.00,0.05,262.20,88.00,174.20
SO00643,2024-01-13,P005,R02,C0034,8,89.00,0.00,712.00,224.00,488.00
SO00848,2024-01-13,P012,R08,C0111,1,49.00,0.00,49.00,14.00,35.00
SO01097,2024-01-13,P010,R07,C0093,5,69.00,0.00,345.00,110.00,235.00
SO02220,2024-01-13,P010,R06,C0103,1,69.00,0.00,69.00,22.00,47.00
SO02374,2024-01-13,P017,R05,C0159,2,199.00,0.00,398.00,130.00,268.00
SO03684,2024-01-13,P002,R07,C0063,12,399.00,0.00,4788.00,2160.00,2628.00
SO00786,2024-01-14,P019,R01,C0147,1,79.00,0.00,79.00,24.00,55.00
SO02675,2024-01-14,P014,R03,C0151,3,499.00,0.15,1272.45,540.00,732.45
SO02999,2024-01-14,P020,R08,C0087,1,29.00,0.00,29.00,8.00,21.00
SO03189,2024-01-14,P019,R07,C0022,2,79.00,0.00,158.00,48.00,110.00
SO01546,2024-01-15,P008,R04,C0106,3,299.00,0.20,717.60,285.00,432.60
SO02298,2024-01-15,P016,R01,C0171,1,95.00,0.15,80.75,30.00,50.75
SO02866,2024-01-15,P010,R03,C0158,5,69.00,0.00,345.00,110.00,235.00
SO00737,2024-01-16,P016,R05,C0163,8,95.00,0.00,760.00,240.00,520.00
SO01030,2024-01-16,P013,R01,C0137,2,329.00,0.20,526.40,220.00,306.40
SO02280,2024-01-16,P015,R03,C0067,1,119.00,0.00,119.00,38.00,81.00
SO03703,2024-01-16,P010,R01,C0055,1,69.00,0.10,62.10,22.00,40.10
SO03906,2024-01-16,P018,R02,C0158,1,89.00,0.10,80.10,28.00,52.10
SO01400,2024-01-17,P005,R04,C0160,8,89.00,0.05,676.40,224.00,452.40
SO01759,2024-01-17,P008,R03,C0052,2,299.00,0.10,538.20,190.00,348.20
SO02281,2024-01-17,P011,R01,C0096,1,39.00,0.00,39.00,12.00,27.00
SO02559,2024-01-17,P003,R02,C0110,1,1199.00,0.05,1139.05,640.00,499.05
SO03394,2024-01-17,P004,R03,C0059,3,1899.00,0.05,5412.15,2940.00,2472.15
SO01141,2024-01-18,P008,R04,C0127,3,299.00,0.20,717.60,285.00,432.60
SO03254,2024-01-18,P005,R06,C0086,4,89.00,0.00,356.00,112.00,244.00
SO03286,2024-01-18,P002,R08,C0071,3,399.00,0.00,1197.00,540.00,657.00
SO00735,2024-01-19,P009,R05,C0083,2,99.00,0.15,168.30,68.00,100.30
SO01021,2024-01-19,P013,R02,C0088,1,329.00,0.05,312.55,110.00,202.55
SO01107,2024-01-19,P003,R07,C0129,1,1199.00,0.00,1199.00,640.00,559.00
SO01816,2024-01-19,P006,R05,C0087,12,179.00,0.00,2148.00,660.00,1488.00
SO02203,2024-01-19,P014,R06,C0026,2,499.00,0.10,898.20,360.00,538.20
SO03269,2024-01-19,P020,R06,C0014,1,29.00,0.00,29.00,8.00,21.00
SO00889,2024-01-20,P001,R07,C0049,1,699.00,0.00,699.00,320.00,379.00
SO01697,2024-01-20,P013,R07,C0126,2,329.00,0.00,658.00,220.00,438.00
SO02020,2024-01-20,P009,R02,C0009,1,99.00,0.05,94.05,34.00,60.05
SO03273,2024-01-20,P015,R03,C0156,2,119.00,0.10,214.20,76.00,138.20
SO03998,2024-01-20,P002,R07,C0044,5,399.00,0.20,1596.00,900.00,696.00
SO03125,2024-01-21,P009,R01,C0161,1,99.00,0.00,99.00,34.00,65.00
SO03179,2024-01-21,P009,R08,C0005,1,99.00,0.05,94.05,34.00,60.05
SO02827,2024-01-22,P013,R03,C0169,5,329.00,0.10,1480.50,550.00,930.50
SO03484,2024-01-22,P009,R08,C0054,4,99.00,0.00,396.00,136.00,260.00
SO00092,2024-01-23,P004,R07,C0170,3,1899.00,0.20,4557.60,2940.00,1617.60
SO00319,2024-01-23,P012,R02,C0034,1,49.00,0.05,46.55,14.00,32.55
SO01636,2024-01-23,P016,R08,C0075,2,95.00,0.10,171.00,60.00,111.00
SO02682,2024-01-23,P015,R07,C0167,2,119.00,0.00,238.00,76.00,162.00
SO03791,2024-01-23,P007,R01,C0006,4,129.00,0.15,438.60,168.00,270.60
SO00757,2024-01-24,P017,R02,C0083,2,199.00,0.15,338.30,130.00,208.30
SO01732,2024-01-24,P005,R05,C0157,5,89.00,0.00,445.00,140.00,305.00
SO03675,2024-01-24,P018,R06,C0016,1,89.00,0.00,89.00,28.00,61.00
SO03874,2024-01-24,P018,R02,C0070,1,89.00,0.00,89.00,28.00,61.00
SO00442,2024-01-25,P020,R02,C0024,1,29.00,0.05,27.55,8.00,19.55
SO00955,2024-01-25,P003,R03,C0084,2,1199.00,0.00,2398.00,1280.00,1118.00
SO01657,2024-01-25,P005,R03,C0142,5,89.00,0.15,378.25,140.00,238.25
SO04000,2024-01-25,P014,R03,C0006,1,499.00,0.00,499.00,180.00,319.00
SO00998,2024-01-26,P017,R02,C0063,4,199.00,0.15,676.60,260.00,416.60
SO01174,2024-01-26,P019,R01,C0124,1,79.00,0.15,67.15,24.00,43.15
SO02681,2024-01-26,P017,R08,C0085,1,199.00,0.05,189.05,65.00,124.05
SO01907,2024-01-27,P007,R03,C0035,1,129.00,0.15,109.65,42.00,67.65
SO01997,2024-01-27,P006,R07,C0089,4,179.00,0.00,716.00,220.00,496.00
SO02102,2024-01-27,P017,R06,C0149,1,199.00,0.05,189.05,65.00,124.05
SO00458,2024-01-28,P008,R03,C0036,2,299.00,0.10,538.20,190.00,348.20
SO00556,2024-01-28,P001,R04,C0008,2,699.00,0.00,1398.00,640.00,758.00
SO01099,2024-01-28,P008,R03,C0174,4,299.00,0.00,1196.00,380.00,816.00
SO01494,2024-01-28,P015,R05,C0149,1,119.00,0.05,113.05,38.00,75.05
SO01729,2024-01-28,P002,R07,C0035,4,399.00,0.00,1596.00,720.00,876.00
SO01835,2024-01-28,P013,R06,C0134,5,329.00,0.10,1480.50,550.00,930.50
SO03786,2024-01-28,P009,R01,C0045,1,99.00,0.10,89.10,34.00,55.10
SO00496,2024-01-29,P009,R07,C0132,2,99.00,0.00,198.00,68.00,130.00
SO00852,2024-01-29,P006,R05,C0030,3,179.00,0.00,537.00,165.00,372.00
SO03222,2024-01-29,P019,R02,C0139,2,79.00,0.00,158.00,48.00,110.00
SO03596,2024-01-29,P016,R08,C0077,4,95.00,0.00,380.00,120.00,260.00
SO01645,2024-01-30,P014,R05,C0172,3,499.00,0.00,1497.00,540.00,957.00
SO02192,2024-01-31,P017,R07,C0039,12,199.00,0.05,2268.60,780.00,1488.60
SO02959,2024-01-31,P017,R02,C0067,1,199.00,0.00,199.00,65.00,134.00
SO03980,2024-01-31,P019,R08,C0158,2,79.00,0.00,158.00,48.00,110.00
SO00220,2024-02-01,P017,R04,C0180,2,199.00,0.00,398.00,130.00,268.00
SO02054,2024-02-01,P016,R01,C0111,2,95.00,0.00,190.00,60.00,130.00
SO02426,2024-02-01,P002,R07,C0175,8,399.00,0.00,3192.00,1440.00,1752.00
SO03389,2024-02-01,P007,R02,C0027,2,129.00,0.00,258.00,84.00,174.00
SO00291,2024-02-02,P003,R06,C0026,3,1199.00,0.00,3597.00,1920.00,1677.00
SO03351,2024-02-02,P003,R04,C0149,3,1199.00,0.00,3597.00,1920.00,1677.00
SO03420,2024-02-02,P020,R08,C0098,3,29.00,0.00,87.00,24.00,63.00
SO00558,2024-02-03,P010,R08,C0156,12,69.00,0.00,828.00,264.00,564.00
SO01047,2024-02-04,P020,R06,C0012,2,29.00,0.05,55.10,16.00,39.10
SO02225,2024-02-04,P003,R01,C0003,2,1199.00,0.00,2398.00,1280.00,1118.00
SO00077,2024-02-05,P018,R06,C0108,1,89.00,0.00,89.00,28.00,61.00
SO00451,2024-02-05,P010,R03,C0013,5,69.00,0.10,310.50,110.00,200.50
SO01394,2024-02-05,P014,R02,C0071,3,499.00,0.00,1497.00,540.00,957.00
SO01486,2024-02-05,P012,R07,C0138,1,49.00,0.15,41.65,14.00,27.65
SO02456,2024-02-05,P019,R06,C0111,1,79.00,0.20,63.20,24.00,39.20
SO03325,2024-02-05,P014,R04,C0004,3,499.00,0.05,1422.15,540.00,882.15
SO00804,2024-02-06,P003,R03,C0139,1,1199.00,0.00,1199.00,640.00,559.00
SO01439,2024-02-06,P012,R03,C0007,2,49.00,0.05,93.10,28.00,65.10
SO01707,2024-02-06,P004,R02,C0144,12,1899.00,0.00,22788.00,11760.00,11028.00
SO01711,2024-02-06,P014,R06,C0041,1,499.00,0.00,499.00,180.00,319.00
SO03957,2024-02-06,P005,R01,C0025,2,89.00,0.00,178.00,56.00,122.00
SO00682,2024-02-07,P015,R07,C0074,2,119.00,0.10,214.20,76.00,138.20
SO03012,2024-02-07,P015,R06,C0175,2,119.00,0.10,214.20,76.00,138.20
SO03202,2024-02-07,P004,R01,C0089,2,1899.00,0.15,3228.30,1960.00,1268.30
SO01050,2024-02-08,P016,R04,C0076,3,95.00,0.00,285.00,90.00,195.00
SO02197,2024-02-08,P015,R02,C0099,8,119.00,0.00,952.00,304.00,648.00
SO02296,2024-02-08,P012,R03,C0033,1,49.00,0.05,46.55,14.00,32.55
SO01949,2024-02-09,P012,R05,C0150,1,49.00,0.00,49.00,14.00,35.00
SO02262,2024-02-09,P006,R08,C0029,1,179.00,0.15,152.15,55.00,97.15
SO02457,2024-02-09,P009,R04,C0050,2,99.00,0.10,178.20,68.00,110.20
SO02468,2024-02-09,P002,R07,C0024,1,399.00,0.10,359.10,180.00,179.10
SO02633,2024-02-09,P017,R08,C0052,1,199.00,0.00,199.00,65.00,134.00
SO01814,2024-02-10,P001,R05,C0005,4,699.00,0.00,2796.00,1280.00,1516.00
SO03839,2024-02-10,P016,R05,C0086,5,95.00,0.00,475.00,150.00,325.00
SO00996,2024-02-11,P017,R05,C0094,2,199.00,0.20,318.40,130.00,188.40
SO01376,2024-02-11,P008,R05,C0092,1,299.00,0.15,254.15,95.00,159.15
SO02330,2024-02-11,P003,R02,C0072,4,1199.00,0.00,4796.00,2560.00,2236.00
SO03353,2024-02-11,P005,R06,C0169,1,89.00,0.15,75.65,28.00,47.65
SO03659,2024-02-11,P020,R03,C0129,3,29.00,0.05,82.65,24.00,58.65
SO00150,2024-02-12,P006,R03,C0080,1,179.00,0.00,179.00,55.00,124.00
SO01340,2024-02-13,P015,R07,C0137,5,119.00,0.00,595.00,190.00,405.00
SO03481,2024-02-13,P009,R01,C0040,1,99.00,0.00,99.00,34.00,65.00
SO00013,2024-02-14,P007,R08,C0045,2,129.00,0.05,245.10,84.00,161.10
SO01523,2024-02-14,P007,R08,C0089,4,129.00,0.10,464.40,168.00,296.40
SO02338,2024-02-14,P012,R02,C0088,2,49.00,0.00,98.00,28.00,70.00
SO03797,2024-02-14,P018,R02,C0011,1,89.00,0.00,89.00,28.00,61.00
SO01348,2024-02-15,P001,R02,C0166,2,699.00,0.00,1398.00,640.00,758.00
SO02174,2024-02-15,P010,R08,C0176,4,69.00,0.00,276.00,88.00,188.00
SO02884,2024-02-15,P003,R08,C0011,5,1199.00,0.05,5695.25,3200.00,2495.25
SO03364,2024-02-15,P011,R07,C0113,2,39.00,0.05,74.10,24.00,50.10
SO00145,2024-02-16,P016,R01,C0061,3,95.00,0.00,285.00,90.00,195.00
SO00265,2024-02-16,P008,R06,C0179,12,299.00,0.00,3588.00,1140.00,2448.00
SO02230,2024-02-16,P009,R06,C0066,3,99.00,0.00,297.00,102.00,195.00
SO00357,2024-02-17,P009,R05,C0119,1,99.00,0.15,84.15,34.00,50.15
SO01336,2024-02-17,P006,R06,C0048,2,179.00,0.00,358.00,110.00,248.00
SO02544,2024-02-17,P008,R03,C0099,1,299.00,0.10,269.10,95.00,174.10
SO02736,2024-02-17,P017,R04,C0060,1,199.00,0.10,179.10,65.00,114.10
SO02778,2024-02-17,P011,R08,C0121,8,39.00,0.00,312.00,96.00,216.00
SO02971,2024-02-17,P017,R05,C0136,1,199.00,0.20,159.20,65.00,94.20
SO00464,2024-02-18,P018,R08,C0016,1,89.00,0.00,89.00,28.00,61.00
SO01626,2024-02-18,P002,R08,C0136,2,399.00,0.00,798.00,360.00,438.00
SO02118,2024-02-18,P015,R02,C0150,3,119.00,0.00,357.00,114.00,243.00
SO00247,2024-02-19,P004,R04,C0150,2,1899.00,0.00,3798.00,1960.00,1838.00
SO02096,2024-02-19,P012,R06,C0029,1,49.00,0.00,49.00,14.00,35.00
SO02229,2024-02-19,P001,R01,C0077,1,699.00,0.00,699.00,320.00,379.00
SO02843,2024-02-19,P006,R08,C0121,3,179.00,0.10,483.30,165.00,318.30
SO03410,2024-02-19,P013,R08,C0013,1,329.00,0.00,329.00,110.00,219.00
SO02659,2024-02-20,P015,R02,C0157,1,119.00,0.10,107.10,38.00,69.10
SO03584,2024-02-20,P008,R02,C0077,1,299.00,0.05,284.05,95.00,189.05
SO00552,2024-02-21,P012,R05,C0048,12,49.00,0.00,588.00,168.00,420.00
SO01661,2024-02-21,P014,R05,C0039,8,499.00,0.05,3792.40,1440.00,2352.40
SO02012,2024-02-21,P020,R03,C0083,2,29.00,0.00,58.00,16.00,42.00
SO01509,2024-02-22,P016,R02,C0084,2,95.00,0.00,190.00,60.00,130.00
SO02080,2024-02-22,P017,R01,C0148,4,199.00,0.05,756.20,260.00,496.20
SO02349,2024-02-22,P005,R06,C0166,3,89.00,0.00,267.00,84.00,183.00
SO03405,2024-02-22,P011,R05,C0042,2,39.00,0.15,66.30,24.00,42.30
SO00730,2024-02-23,P006,R07,C0078,3,179.00,0.10,483.30,165.00,318.30
SO00764,2024-02-23,P002,R07,C0039,3,399.00,0.05,1137.15,540.00,597.15
SO00923,2024-02-23,P007,R03,C0099,1,129.00,0.20,103.20,42.00,61.20
SO02381,2024-02-23,P018,R05,C0091,1,89.00,0.20,71.20,28.00,43.20
SO00581,2024-02-24,P002,R07,C0077,1,399.00,0.15,339.15,180.00,159.15
SO00888,2024-02-24,P001,R04,C0019,2,699.00,0.05,1328.10,640.00,688.10
SO01390,2024-02-24,P016,R05,C0034,1,95.00,0.00,95.00,30.00,65.00
SO03199,2024-02-24,P017,R02,C0166,1,199.00,0.00,199.00,65.00,134.00
SO03682,2024-02-24,P020,R05,C0076,1,29.00,0.05,27.55,8.00,19.55
SO00865,2024-02-25,P015,R07,C0153,1,119.00,0.00,119.00,38.00,81.00
SO01693,2024-02-25,P020,R05,C0001,3,29.00,0.00,87.00,24.00,63.00
SO01722,2024-02-25,P002,R02,C0098,1,399.00,0.00,399.00,180.00,219.00
SO02754,2024-02-25,P006,R02,C0175,1,179.00,0.05,170.05,55.00,115.05
SO00498,2024-02-26,P018,R05,C0130,1,89.00,0.00,89.00,28.00,61.00
SO01254,2024-02-26,P009,R05,C0008,2,99.00,0.00,198.00,68.00,130.00
SO01521,2024-02-26,P013,R06,C0157,2,329.00,0.05,625.10,220.00,405.10
SO02345,2024-02-26,P020,R07,C0039,1,29.00,0.00,29.00,8.00,21.00
SO00749,2024-02-27,P015,R03,C0131,8,119.00,0.05,904.40,304.00,600.40
SO00948,2024-02-27,P020,R02,C0023,5,29.00,0.05,137.75,40.00,97.75
SO01007,2024-02-27,P008,R01,C0026,5,299.00,0.20,1196.00,475.00,721.00
SO02833,2024-02-27,P012,R01,C0034,1,49.00,0.00,49.00,14.00,35.00
SO00320,2024-02-28,P011,R04,C0130,3,39.00,0.00,117.00,36.00,81.00
SO02325,2024-02-28,P015,R03,C0094,4,119.00,0.00,476.00,152.00,324.00
SO00174,2024-02-29,P002,R03,C0072,12,399.00,0.05,4548.60,2160.00,2388.60
SO00883,2024-02-29,P011,R01,C0158,2,39.00,0.10,70.20,24.00,46.20
SO01561,2024-02-29,P002,R04,C0176,1,399.00,0.00,399.00,180.00,219.00
SO03136,2024-02-29,P003,R02,C0126,1,1199.00,0.20,959.20,640.00,319.20
SO01267,2024-03-01,P020,R06,C0143,2,29.00,0.00,58.00,16.00,42.00
SO02335,2024-03-01,P007,R07,C0053,2,129.00,0.10,232.20,84.00,148.20
SO02482,2024-03-01,P014,R02,C0048,1,499.00,0.00,499.00,180.00,319.00
SO03069,2024-03-01,P009,R07,C0047,2,99.00,0.15,168.30,68.00,100.30
SO03209,2024-03-01,P015,R02,C0087,1,119.00,0.00,119.00,38.00,81.00
SO00658,2024-03-02,P017,R02,C0039,1,199.00,0.00,199.00,65.00,134.00
SO00739,2024-03-02,P002,R02,C0063,1,399.00,0.00,399.00,180.00,219.00
SO03088,2024-03-02,P020,R08,C0146,2,29.00,0.05,55.10,16.00,39.10
SO03504,2024-03-02,P005,R08,C0128,1,89.00,0.10,80.10,28.00,52.10
SO03893,2024-03-02,P015,R08,C0131,2,119.00,0.00,238.00,76.00,162.00
SO00277,2024-03-03,P020,R01,C0115,1,29.00,0.05,27.55,8.00,19.55
SO01639,2024-03-03,P018,R05,C0174,4,89.00,0.00,356.00,112.00,244.00
SO02611,2024-03-03,P012,R04,C0046,4,49.00,0.00,196.00,56.00,140.00
SO03054,2024-03-03,P012,R01,C0048,1,49.00,0.00,49.00,14.00,35.00
SO03255,2024-03-03,P001,R04,C0039,5,699.00,0.10,3145.50,1600.00,1545.50
SO03329,2024-03-03,P010,R05,C0164,2,69.00,0.00,138.00,44.00,94.00
SO03898,2024-03-03,P020,R06,C0176,5,29.00,0.00,145.00,40.00,105.00
SO02038,2024-03-04,P006,R03,C0109,1,179.00,0.10,161.10,55.00,106.10
SO03278,2024-03-04,P010,R01,C0169,3,69.00,0.00,207.00,66.00,141.00
SO03648,2024-03-04,P003,R04,C0118,2,1199.00,0.05,2278.10,1280.00,998.10
SO03902,2024-03-04,P019,R06,C0100,8,79.00,0.15,537.20,192.00,345.20
SO00668,2024-03-05,P011,R07,C0052,2,39.00,0.00,78.00,24.00,54.00
SO01428,2024-03-05,P013,R04,C0114,2,329.00,0.15,559.30,220.00,339.30
SO02071,2024-03-05,P007,R02,C0179,3,129.00,0.00,387.00,126.00,261.00
SO02600,2024-03-05,P001,R04,C0022,1,699.00,0.00,699.00,320.00,379.00
SO02625,2024-03-05,P001,R07,C0088,1,699.00,0.05,664.05,320.00,344.05
SO02674,2024-03-05,P007,R02,C0171,4,129.00,0.10,464.40,168.00,296.40
SO03067,2024-03-05,P018,R04,C0020,4,89.00,0.10,320.40,112.00,208.40
SO03449,2024-03-05,P008,R07,C0169,5,299.00,0.00,1495.00,475.00,1020.00
SO00418,2024-03-06,P005,R08,C0019,2,89.00,0.15,151.30,56.00,95.30
SO00981,2024-03-06,P009,R01,C0139,5,99.00,0.15,420.75,170.00,250.75
SO01013,2024-03-06,P017,R06,C0147,1,199.00,0.00,199.00,65.00,134.00
SO01022,2024-03-06,P019,R04,C0092,1,79.00,0.00,79.00,24.00,55.00
SO02489,2024-03-06,P018,R03,C0163,3,89.00,0.15,226.95,84.00,142.95
SO03511,2024-03-06,P010,R01,C0049,1,69.00,0.05,65.55,22.00,43.55
SO00987,2024-03-07,P020,R08,C0158,1,29.00,0.10,26.10,8.00,18.10
SO03838,2024-03-07,P006,R02,C0069,1,179.00,0.05,170.05,55.00,115.05
SO00254,2024-03-08,P015,R03,C0084,1,119.00,0.00,119.00,38.00,81.00
SO00896,2024-03-08,P009,R05,C0042,1,99.00,0.10,89.10,34.00,55.10
SO02926,2024-03-08,P018,R03,C0021,2,89.00,0.00,178.00,56.00,122.00
SO03536,2024-03-08,P013,R07,C0157,2,329.00,0.20,526.40,220.00,306.40
SO00106,2024-03-09,P018,R02,C0099,4,89.00,0.00,356.00,112.00,244.00
SO01656,2024-03-09,P003,R05,C0092,1,1199.00,0.10,1079.10,640.00,439.10
SO01750,2024-03-09,P019,R05,C0175,2,79.00,0.00,158.00,48.00,110.00
SO03049,2024-03-09,P008,R02,C0033,1,299.00,0.00,299.00,95.00,204.00
SO03799,2024-03-09,P006,R05,C0128,1,179.00,0.10,161.10,55.00,106.10
SO01798,2024-03-10,P015,R03,C0152,1,119.00,0.00,119.00,38.00,81.00
SO02240,2024-03-10,P002,R02,C0039,2,399.00,0.15,678.30,360.00,318.30
SO02839,2024-03-10,P019,R04,C0105,1,79.00,0.00,79.00,24.00,55.00
SO03939,2024-03-10,P017,R01,C0022,1,199.00,0.05,189.05,65.00,124.05
SO00165,2024-03-11,P009,R03,C0114,1,99.00,0.05,94.05,34.00,60.05
SO00582,2024-03-11,P009,R04,C0166,1,99.00,0.10,89.10,34.00,55.10
SO01335,2024-03-11,P003,R06,C0050,1,1199.00,0.00,1199.00,640.00,559.00
SO03381,2024-03-11,P009,R08,C0004,1,99.00,0.05,94.05,34.00,60.05
SO00371,2024-03-12,P002,R06,C0101,2,399.00,0.00,798.00,360.00,438.00
SO01220,2024-03-12,P019,R06,C0134,5,79.00,0.00,395.00,120.00,275.00
SO01673,2024-03-12,P019,R05,C0171,2,79.00,0.15,134.30,48.00,86.30
SO02194,2024-03-12,P012,R07,C0062,1,49.00,0.05,46.55,14.00,32.55
SO02226,2024-03-12,P012,R01,C0025,1,49.00,0.10,44.10,14.00,30.10
SO03502,2024-03-12,P019,R06,C0006,1,79.00,0.00,79.00,24.00,55.00
SO00697,2024-03-13,P004,R03,C0118,3,1899.00,0.10,5127.30,2940.00,2187.30
SO01090,2024-03-13,P019,R03,C0140,1,79.00,0.00,79.00,24.00,55.00
SO01214,2024-03-13,P010,R02,C0176,3,69.00,0.00,207.00,66.00,141.00
SO01238,2024-03-13,P014,R04,C0177,1,499.00,0.05,474.05,180.00,294.05
SO01600,2024-03-13,P002,R02,C0177,2,399.00,0.00,798.00,360.00,438.00
SO02288,2024-03-13,P008,R05,C0167,5,299.00,0.00,1495.00,475.00,1020.00
SO02711,2024-03-13,P019,R08,C0177,2,79.00,0.15,134.30,48.00,86.30
SO00455,2024-03-14,P001,R05,C0002,2,699.00,0.15,1188.30,640.00,548.30
SO00629,2024-03-14,P004,R03,C0036,4,1899.00,0.00,7596.00,3920.00,3676.00
SO02005,2024-03-14,P006,R04,C0074,1,179.00,0.00,179.00,55.00,124.00
SO02883,2024-03-14,P003,R02,C0078,3,1199.00,0.00,3597.00,1920.00,1677.00
SO03516,2024-03-14,P012,R02,C0146,4,49.00,0.00,196.00,56.00,140.00
SO03972,2024-03-14,P006,R06,C0080,1,179.00,0.10,161.10,55.00,106.10
SO00745,2024-03-15,P013,R08,C0115,4,329.00,0.05,1250.20,440.00,810.20
SO00799,2024-03-15,P009,R04,C0031,4,99.00,0.00,396.00,136.00,260.00
SO01628,2024-03-16,P017,R03,C0019,1,199.00,0.20,159.20,65.00,94.20
SO03143,2024-03-16,P012,R04,C0046,2,49.00,0.00,98.00,28.00,70.00
SO03639,2024-03-16,P020,R04,C0085,2,29.00,0.00,58.00,16.00,42.00
SO03732,2024-03-16,P016,R08,C0037,1,95.00,0.00,95.00,30.00,65.00
SO01051,2024-03-17,P018,R05,C0168,4,89.00,0.00,356.00,112.00,244.00
SO01895,2024-03-17,P001,R08,C0030,1,699.00,0.00,699.00,320.00,379.00
SO02801,2024-03-17,P010,R05,C0038,4,69.00,0.20,220.80,88.00,132.80
SO00179,2024-03-18,P002,R07,C0111,2,399.00,0.00,798.00,360.00,438.00
SO00339,2024-03-18,P019,R08,C0086,1,79.00,0.20,63.20,24.00,39.20
SO00635,2024-03-18,P018,R06,C0079,4,89.00,0.00,356.00,112.00,244.00
SO00711,2024-03-18,P016,R08,C0153,4,95.00,0.00,380.00,120.00,260.00
SO00767,2024-03-18,P012,R07,C0031,12,49.00,0.15,499.80,168.00,331.80
SO02065,2024-03-18,P010,R08,C0053,1,69.00,0.10,62.10,22.00,40.10
SO02099,2024-03-18,P008,R07,C0083,3,299.00,0.05,852.15,285.00,567.15
SO03404,2024-03-18,P020,R06,C0106,8,29.00,0.15,197.20,64.00,133.20
SO03695,2024-03-18,P015,R01,C0150,8,119.00,0.00,952.00,304.00,648.00
SO03777,2024-03-18,P015,R08,C0166,2,119.00,0.00,238.00,76.00,162.00
SO01622,2024-03-19,P017,R02,C0063,3,199.00,0.20,477.60,195.00,282.60
SO02356,2024-03-19,P018,R04,C0147,1,89.00,0.10,80.10,28.00,52.10
SO02783,2024-03-19,P007,R04,C0153,2,129.00,0.00,258.00,84.00,174.00
SO02846,2024-03-19,P005,R02,C0004,12,89.00,0.00,1068.00,336.00,732.00
SO03552,2024-03-19,P003,R04,C0083,1,1199.00,0.10,1079.10,640.00,439.10
SO03782,2024-03-19,P011,R05,C0146,5,39.00,0.15,165.75,60.00,105.75
SO03960,2024-03-19,P008,R02,C0148,4,299.00,0.00,1196.00,380.00,816.00
SO00699,2024-03-20,P018,R03,C0141,3,89.00,0.00,267.00,84.00,183.00
SO01792,2024-03-20,P020,R03,C0109,2,29.00,0.10,52.20,16.00,36.20
SO03360,2024-03-20,P012,R04,C0035,1,49.00,0.00,49.00,14.00,35.00
SO00172,2024-03-21,P010,R08,C0175,3,69.00,0.00,207.00,66.00,141.00
SO00271,2024-03-21,P010,R02,C0128,3,69.00,0.00,207.00,66.00,141.00
SO01142,2024-03-21,P012,R05,C0082,1,49.00,0.00,49.00,14.00,35.00
SO03992,2024-03-21,P012,R05,C0144,1,49.00,0.20,39.20,14.00,25.20
SO00222,2024-03-22,P006,R02,C0046,2,179.00,0.05,340.10,110.00,230.10
SO00836,2024-03-22,P018,R01,C0143,1,89.00,0.10,80.10,28.00,52.10
SO01024,2024-03-22,P011,R03,C0114,8,39.00,0.00,312.00,96.00,216.00
SO01998,2024-03-22,P002,R01,C0091,1,399.00,0.00,399.00,180.00,219.00
SO03580,2024-03-22,P014,R08,C0002,1,499.00,0.20,399.20,180.00,219.20
SO03834,2024-03-22,P001,R06,C0112,2,699.00,0.05,1328.10,640.00,688.10
SO00925,2024-03-23,P020,R05,C0059,8,29.00,0.00,232.00,64.00,168.00
SO00933,2024-03-23,P016,R07,C0136,8,95.00,0.00,760.00,240.00,520.00
SO01409,2024-03-23,P020,R06,C0097,3,29.00,0.00,87.00,24.00,63.00
SO01675,2024-03-23,P014,R03,C0028,4,499.00,0.10,1796.40,720.00,1076.40
SO02090,2024-03-23,P020,R07,C0096,1,29.00,0.00,29.00,8.00,21.00
SO02372,2024-03-23,P009,R01,C0018,1,99.00,0.15,84.15,34.00,50.15
SO02871,2024-03-23,P011,R08,C0066,5,39.00,0.00,195.00,60.00,135.00
SO03443,2024-03-23,P004,R02,C0055,2,1899.00,0.00,3798.00,1960.00,1838.00
SO03751,2024-03-23,P011,R03,C0177,3,39.00,0.15,99.45,36.00,63.45
SO03967,2024-03-23,P015,R03,C0169,2,119.00,0.00,238.00,76.00,162.00
SO00975,2024-03-24,P014,R02,C0165,1,499.00,0.05,474.05,180.00,294.05
SO03555,2024-03-24,P010,R02,C0004,2,69.00,0.00,138.00,44.00,94.00
SO00471,2024-03-25,P004,R02,C0173,1,1899.00,0.00,1899.00,980.00,919.00
SO00835,2024-03-25,P008,R05,C0047,3,299.00,0.10,807.30,285.00,522.30
SO01367,2024-03-25,P006,R06,C0040,3,179.00,0.10,483.30,165.00,318.30
SO02474,2024-03-25,P009,R08,C0014,8,99.00,0.10,712.80,272.00,440.80
SO02616,2024-03-25,P011,R04,C0064,1,39.00,0.00,39.00,12.00,27.00
SO03036,2024-03-25,P018,R01,C0098,1,89.00,0.00,89.00,28.00,61.00
SO03545,2024-03-25,P016,R04,C0014,4,95.00,0.10,342.00,120.00,222.00
SO03614,2024-03-25,P001,R01,C0102,3,699.00,0.20,1677.60,960.00,717.60
SO01573,2024-03-26,P004,R02,C0088,8,1899.00,0.00,15192.00,7840.00,7352.00
SO03752,2024-03-26,P017,R06,C0042,1,199.00,0.00,199.00,65.00,134.00
SO00437,2024-03-27,P001,R05,C0160,2,699.00,0.10,1258.20,640.00,618.20
SO01712,2024-03-27,P002,R08,C0164,1,399.00,0.15,339.15,180.00,159.15
SO00381,2024-03-28,P014,R06,C0142,1,499.00,0.00,499.00,180.00,319.00
SO00623,2024-03-28,P016,R08,C0012,1,95.00,0.05,90.25,30.00,60.25
SO01840,2024-03-28,P010,R05,C0104,1,69.00,0.00,69.00,22.00,47.00
SO01944,2024-03-29,P011,R03,C0175,1,39.00,0.00,39.00,12.00,27.00
SO02761,2024-03-29,P006,R08,C0062,1,179.00,0.05,170.05,55.00,115.05
SO03231,2024-03-29,P009,R07,C0027,3,99.00,0.05,282.15,102.00,180.15
SO00142,2024-03-30,P008,R02,C0111,2,299.00,0.10,538.20,190.00,348.20
SO00397,2024-03-30,P005,R08,C0085,1,89.00,0.00,89.00,28.00,61.00
SO00466,2024-03-30,P007,R04,C0070,2,129.00,0.00,258.00,84.00,174.00
SO00655,2024-03-30,P015,R03,C0063,2,119.00,0.05,226.10,76.00,150.10
SO01582,2024-03-30,P008,R07,C0105,2,299.00,0.20,478.40,190.00,288.40
SO02672,2024-03-30,P004,R06,C0056,1,1899.00,0.05,1804.05,980.00,824.05
SO03558,2024-03-30,P020,R01,C0031,5,29.00,0.05,137.75,40.00,97.75
SO03749,2024-03-30,P018,R08,C0148,3,89.00,0.00,267.00,84.00,183.00
SO03879,2024-03-30,P003,R04,C0003,3,1199.00,0.00,3597.00,1920.00,1677.00
SO00625,2024-03-31,P005,R06,C0071,4,89.00,0.05,338.20,112.00,226.20
SO00855,2024-03-31,P011,R02,C0161,1,39.00,0.00,39.00,12.00,27.00
SO01947,2024-03-31,P008,R02,C0155,2,299.00,0.05,568.10,190.00,378.10
SO02453,2024-03-31,P010,R07,C0131,3,69.00,0.20,165.60,66.00,99.60
SO00086,2024-04-01,P016,R03,C0049,8,95.00,0.15,646.00,240.00,406.00
SO00610,2024-04-01,P013,R04,C0134,2,329.00,0.05,625.10,220.00,405.10
SO02237,2024-04-01,P006,R06,C0066,1,179.00,0.10,161.10,55.00,106.10
SO03027,2024-04-01,P004,R03,C0039,4,1899.00,0.00,7596.00,3920.00,3676.00
SO03606,2024-04-01,P002,R05,C0077,2,399.00,0.00,798.00,360.00,438.00
SO00195,2024-04-02,P019,R04,C0174,4,79.00,0.00,316.00,96.00,220.00
SO00480,2024-04-02,P019,R03,C0101,2,79.00,0.00,158.00,48.00,110.00
SO00546,2024-04-02,P017,R07,C0136,1,199.00,0.10,179.10,65.00,114.10
SO01037,2024-04-02,P007,R06,C0051,4,129.00,0.00,516.00,168.00,348.00
SO01749,2024-04-02,P009,R04,C0062,1,99.00,0.10,89.10,34.00,55.10
SO02739,2024-04-02,P012,R02,C0141,3,49.00,0.00,147.00,42.00,105.00
SO02742,2024-04-02,P016,R08,C0028,2,95.00,0.00,190.00,60.00,130.00
SO03643,2024-04-02,P017,R02,C0165,8,199.00,0.10,1432.80,520.00,912.80
SO03843,2024-04-02,P004,R01,C0159,1,1899.00,0.00,1899.00,980.00,919.00
SO00228,2024-04-03,P002,R02,C0046,2,399.00,0.00,798.00,360.00,438.00
SO00329,2024-04-03,P014,R07,C0167,3,499.00,0.00,1497.00,540.00,957.00
SO00524,2024-04-03,P009,R07,C0023,2,99.00,0.00,198.00,68.00,130.00
SO00611,2024-04-03,P013,R06,C0003,1,329.00,0.00,329.00,110.00,219.00
SO02396,2024-04-03,P001,R02,C0005,2,699.00,0.00,1398.00,640.00,758.00
SO03182,2024-04-03,P013,R08,C0084,3,329.00,0.00,987.00,330.00,657.00
SO03846,2024-04-03,P015,R08,C0178,1,119.00,0.00,119.00,38.00,81.00
SO00920,2024-04-04,P009,R08,C0054,2,99.00,0.00,198.00,68.00,130.00
SO03495,2024-04-04,P001,R07,C0104,1,699.00,0.15,594.15,320.00,274.15
SO03525,2024-04-04,P020,R02,C0054,2,29.00,0.00,58.00,16.00,42.00
SO00041,2024-04-05,P010,R02,C0170,1,69.00,0.05,65.55,22.00,43.55
SO01204,2024-04-05,P013,R06,C0087,1,329.00,0.00,329.00,110.00,219.00
SO01917,2024-04-05,P011,R08,C0041,5,39.00,0.00,195.00,60.00,135.00
SO02522,2024-04-05,P020,R02,C0099,3,29.00,0.00,87.00,24.00,63.00
SO02881,2024-04-05,P003,R01,C0009,1,1199.00,0.00,1199.00,640.00,559.00
SO03324,2024-04-05,P002,R06,C0168,1,399.00,0.00,399.00,180.00,219.00
SO03342,2024-04-05,P003,R08,C0052,1,1199.00,0.00,1199.00,640.00,559.00
SO03615,2024-04-05,P009,R04,C0092,2,99.00,0.10,178.20,68.00,110.20
SO03798,2024-04-05,P006,R05,C0059,1,179.00,0.10,161.10,55.00,106.10
SO00031,2024-04-06,P013,R07,C0092,1,329.00,0.00,329.00,110.00,219.00
SO00336,2024-04-06,P009,R08,C0126,1,99.00,0.00,99.00,34.00,65.00
SO00348,2024-04-06,P005,R05,C0030,1,89.00,0.00,89.00,28.00,61.00
SO01109,2024-04-06,P008,R05,C0122,1,299.00,0.00,299.00,95.00,204.00
SO03712,2024-04-06,P001,R06,C0080,2,699.00,0.05,1328.10,640.00,688.10
SO03921,2024-04-06,P014,R03,C0069,2,499.00,0.00,998.00,360.00,638.00
SO03951,2024-04-06,P001,R04,C0022,2,699.00,0.05,1328.10,640.00,688.10
SO00170,2024-04-07,P016,R05,C0091,5,95.00,0.00,475.00,150.00,325.00
SO02334,2024-04-07,P003,R04,C0163,2,1199.00,0.05,2278.10,1280.00,998.10
SO02568,2024-04-07,P006,R03,C0178,1,179.00,0.05,170.05,55.00,115.05
SO03341,2024-04-07,P002,R03,C0111,2,399.00,0.00,798.00,360.00,438.00
SO03578,2024-04-07,P006,R01,C0165,1,179.00,0.00,179.00,55.00,124.00
SO03677,2024-04-07,P009,R05,C0050,8,99.00,0.00,792.00,272.00,520.00
SO01604,2024-04-08,P008,R08,C0095,1,299.00,0.05,284.05,95.00,189.05
SO01800,2024-04-08,P015,R02,C0040,12,119.00,0.15,1213.80,456.00,757.80
SO01900,2024-04-08,P020,R08,C0058,3,29.00,0.00,87.00,24.00,63.00
SO02273,2024-04-08,P007,R02,C0084,3,129.00,0.05,367.65,126.00,241.65
SO02322,2024-04-08,P019,R06,C0180,5,79.00,0.00,395.00,120.00,275.00
SO03159,2024-04-08,P004,R01,C0055,1,1899.00,0.00,1899.00,980.00,919.00
SO01892,2024-04-09,P019,R05,C0084,2,79.00,0.20,126.40,48.00,78.40
SO02822,2024-04-09,P005,R07,C0151,1,89.00,0.00,89.00,28.00,61.00
SO03271,2024-04-09,P018,R07,C0061,1,89.00,0.05,84.55,28.00,56.55
SO00095,2024-04-10,P013,R08,C0038,1,329.00,0.05,312.55,110.00,202.55
SO00949,2024-04-10,P017,R06,C0017,1,199.00,0.20,159.20,65.00,94.20
SO01217,2024-04-10,P006,R08,C0160,1,179.00,0.05,170.05,55.00,115.05
SO03601,2024-04-10,P016,R04,C0141,1,95.00,0.00,95.00,30.00,65.00
SO03815,2024-04-10,P017,R02,C0075,2,199.00,0.00,398.00,130.00,268.00
SO02569,2024-04-11,P005,R06,C0037,8,89.00,0.10,640.80,224.00,416.80
SO03561,2024-04-11,P020,R01,C0082,2,29.00,0.00,58.00,16.00,42.00
SO03787,2024-04-11,P004,R01,C0088,1,1899.00,0.00,1899.00,980.00,919.00
SO00601,2024-04-12,P019,R05,C0120,1,79.00,0.00,79.00,24.00,55.00
SO00781,2024-04-12,P010,R03,C0159,1,69.00,0.10,62.10,22.00,40.10
SO01369,2024-04-12,P012,R02,C0106,1,49.00,0.05,46.55,14.00,32.55
SO01783,2024-04-12,P011,R06,C0035,3,39.00,0.15,99.45,36.00,63.45
SO01806,2024-04-12,P001,R05,C0083,1,699.00,0.00,699.00,320.00,379.00
SO02547,2024-04-12,P012,R08,C0013,1,49.00,0.10,44.10,14.00,30.10
SO03401,2024-04-12,P001,R03,C0108,1,699.00,0.05,664.05,320.00,344.05
SO00006,2024-04-13,P006,R01,C0055,1,179.00,0.10,161.10,55.00,106.10
SO00916,2024-04-13,P010,R03,C0018,1,69.00,0.15,58.65,22.00,36.65
SO01138,2024-04-13,P003,R04,C0062,2,1199.00,0.00,2398.00,1280.00,1118.00
SO01325,2024-04-13,P002,R08,C0038,3,399.00,0.00,1197.00,540.00,657.00
SO03215,2024-04-13,P019,R03,C0046,2,79.00,0.05,150.10,48.00,102.10
SO03667,2024-04-13,P016,R02,C0103,1,95.00,0.00,95.00,30.00,65.00
SO03743,2024-04-13,P019,R02,C0113,2,79.00,0.00,158.00,48.00,110.00
SO00911,2024-04-14,P015,R08,C0079,1,119.00,0.00,119.00,38.00,81.00
SO01146,2024-04-14,P013,R06,C0036,5,329.00,0.10,1480.50,550.00,930.50
SO01545,2024-04-14,P012,R06,C0047,8,49.00,0.00,392.00,112.00,280.00
SO01733,2024-04-14,P013,R04,C0136,1,329.00,0.00,329.00,110.00,219.00
SO02978,2024-04-14,P018,R03,C0125,12,89.00,0.05,1014.60,336.00,678.60
SO03808,2024-04-14,P014,R05,C0154,4,499.00,0.15,1696.60,720.00,976.60
SO00583,2024-04-15,P019,R02,C0114,2,79.00,0.00,158.00,48.00,110.00
SO01422,2024-04-15,P009,R05,C0149,2,99.00,0.15,168.30,68.00,100.30
SO01522,2024-04-15,P011,R03,C0097,3,39.00,0.00,117.00,36.00,81.00
SO02014,2024-04-15,P004,R01,C0014,5,1899.00,0.00,9495.00,4900.00,4595.00
SO02238,2024-04-15,P015,R01,C0144,2,119.00,0.00,238.00,76.00,162.00
SO02648,2024-04-15,P001,R07,C0151,1,699.00,0.05,664.05,320.00,344.05
SO02966,2024-04-15,P013,R04,C0029,1,329.00,0.20,263.20,110.00,153.20
SO00035,2024-04-16,P012,R02,C0081,1,49.00,0.05,46.55,14.00,32.55
SO00322,2024-04-16,P010,R05,C0047,2,69.00,0.15,117.30,44.00,73.30
SO01453,2024-04-16,P016,R02,C0118,5,95.00,0.00,475.00,150.00,325.00
SO01754,2024-04-16,P015,R02,C0048,2,119.00,0.00,238.00,76.00,162.00
SO02450,2024-04-16,P013,R03,C0085,1,329.00,0.00,329.00,110.00,219.00
SO02599,2024-04-16,P009,R05,C0151,12,99.00,0.10,1069.20,408.00,661.20
SO02666,2024-04-16,P002,R01,C0125,2,399.00,0.00,798.00,360.00,438.00
SO03006,2024-04-16,P002,R04,C0099,3,399.00,0.10,1077.30,540.00,537.30
SO00083,2024-04-17,P014,R05,C0112,1,499.00,0.15,424.15,180.00,244.15
SO00569,2024-04-17,P004,R05,C0072,3,1899.00,0.00,5697.00,2940.00,2757.00
SO01810,2024-04-17,P013,R03,C0150,4,329.00,0.05,1250.20,440.00,810.20
SO02735,2024-04-17,P019,R01,C0107,3,79.00,0.15,201.45,72.00,129.45
SO03734,2024-04-17,P015,R03,C0009,2,119.00,0.00,238.00,76.00,162.00
SO03868,2024-04-17,P006,R02,C0062,2,179.00,0.00,358.00,110.00,248.00
SO01125,2024-04-18,P017,R02,C0040,8,199.00,0.05,1512.40,520.00,992.40
SO01846,2024-04-18,P012,R02,C0042,1,49.00,0.10,44.10,14.00,30.10
SO03708,2024-04-18,P003,R06,C0157,1,1199.00,0.00,1199.00,640.00,559.00
SO03966,2024-04-18,P019,R03,C0069,1,79.00,0.00,79.00,24.00,55.00
SO00989,2024-04-19,P015,R04,C0094,5,119.00,0.10,535.50,190.00,345.50
SO01223,2024-04-19,P009,R05,C0128,1,99.00,0.10,89.10,34.00,55.10
SO01790,2024-04-19,P005,R07,C0131,3,89.00,0.10,240.30,84.00,156.30
SO01991,2024-04-19,P012,R01,C0132,1,49.00,0.00,49.00,14.00,35.00
SO03582,2024-04-19,P001,R03,C0105,3,699.00,0.00,2097.00,960.00,1137.00
SO03842,2024-04-19,P016,R07,C0093,2,95.00,0.05,180.50,60.00,120.50
SO01350,2024-04-20,P008,R01,C0159,1,299.00,0.10,269.10,95.00,174.10
SO02032,2024-04-20,P006,R05,C0020,4,179.00,0.00,716.00,220.00,496.00
SO02115,2024-04-20,P007,R03,C0135,1,129.00,0.00,129.00,42.00,87.00
SO02442,2024-04-20,P017,R04,C0053,1,199.00,0.10,179.10,65.00,114.10
SO02571,2024-04-20,P009,R06,C0123,2,99.00,0.10,178.20,68.00,110.20
SO03824,2024-04-20,P012,R01,C0044,2,49.00,0.00,98.00,28.00,70.00
SO00147,2024-04-21,P006,R08,C0083,1,179.00,0.00,179.00,55.00,124.00
SO01150,2024-04-21,P008,R05,C0022,5,299.00,0.00,1495.00,475.00,1020.00
SO01302,2024-04-21,P006,R08,C0005,2,179.00,0.10,322.20,110.00,212.20
SO02452,2024-04-21,P015,R02,C0156,2,119.00,0.10,214.20,76.00,138.20
SO03206,2024-04-21,P020,R07,C0022,1,29.00,0.00,29.00,8.00,21.00
SO03827,2024-04-21,P004,R06,C0104,2,1899.00,0.00,3798.00,1960.00,1838.00
SO00130,2024-04-22,P002,R02,C0108,5,399.00,0.00,1995.00,900.00,1095.00
SO00715,2024-04-22,P009,R02,C0033,5,99.00,0.00,495.00,170.00,325.00
SO01140,2024-04-22,P013,R01,C0033,8,329.00,0.00,2632.00,880.00,1752.00
SO01183,2024-04-22,P006,R05,C0089,1,179.00,0.10,161.10,55.00,106.10
SO01324,2024-04-22,P004,R03,C0028,1,1899.00,0.15,1614.15,980.00,634.15
SO01387,2024-04-22,P007,R08,C0083,1,129.00,0.10,116.10,42.00,74.10
SO02074,2024-04-22,P005,R03,C0060,1,89.00,0.00,89.00,28.00,61.00
SO02824,2024-04-22,P017,R02,C0092,2,199.00,0.15,338.30,130.00,208.30
SO03634,2024-04-22,P002,R01,C0019,2,399.00,0.05,758.10,360.00,398.10
SO03672,2024-04-22,P008,R02,C0037,3,299.00,0.00,897.00,285.00,612.00
SO03852,2024-04-22,P001,R01,C0157,2,699.00,0.00,1398.00,640.00,758.00
SO03899,2024-04-23,P004,R05,C0124,3,1899.00,0.00,5697.00,2940.00,2757.00
SO00547,2024-04-24,P016,R05,C0134,3,95.00,0.10,256.50,90.00,166.50
SO00811,2024-04-24,P005,R05,C0158,3,89.00,0.05,253.65,84.00,169.65
SO01501,2024-04-24,P020,R02,C0012,2,29.00,0.00,58.00,16.00,42.00
SO01525,2024-04-24,P003,R04,C0034,3,1199.00,0.00,3597.00,1920.00,1677.00
SO01888,2024-04-24,P018,R07,C0158,1,89.00,0.00,89.00,28.00,61.00
SO03276,2024-04-24,P009,R04,C0124,1,99.00,0.05,94.05,34.00,60.05
SO03859,2024-04-24,P019,R08,C0073,1,79.00,0.05,75.05,24.00,51.05
SO00772,2024-04-25,P016,R05,C0047,5,95.00,0.00,475.00,150.00,325.00
SO02363,2024-04-25,P003,R02,C0167,2,1199.00,0.00,2398.00,1280.00,1118.00
SO02847,2024-04-25,P013,R01,C0122,4,329.00,0.15,1118.60,440.00,678.60
SO02094,2024-04-26,P016,R06,C0002,4,95.00,0.05,361.00,120.00,241.00
SO03760,2024-04-26,P020,R07,C0056,2,29.00,0.05,55.10,16.00,39.10
SO00887,2024-04-27,P006,R04,C0143,1,179.00,0.00,179.00,55.00,124.00
SO01144,2024-04-27,P014,R01,C0053,2,499.00,0.20,798.40,360.00,438.40
SO01202,2024-04-27,P005,R01,C0155,3,89.00,0.05,253.65,84.00,169.65
SO01689,2024-04-27,P020,R06,C0013,3,29.00,0.05,82.65,24.00,58.65
SO02284,2024-04-27,P009,R03,C0053,4,99.00,0.10,356.40,136.00,220.40
SO02449,2024-04-27,P002,R08,C0008,1,399.00,0.00,399.00,180.00,219.00
SO02882,2024-04-27,P008,R03,C0002,2,299.00,0.00,598.00,190.00,408.00
SO00441,2024-04-28,P019,R04,C0059,1,79.00,0.05,75.05,24.00,51.05
SO01460,2024-04-28,P016,R06,C0062,1,95.00,0.05,90.25,30.00,60.25
SO00237,2024-04-29,P013,R01,C0122,3,329.00,0.00,987.00,330.00,657.00
SO00290,2024-04-29,P015,R04,C0109,3,119.00,0.00,357.00,114.00,243.00
SO00433,2024-04-29,P020,R04,C0078,2,29.00,0.05,55.10,16.00,39.10
SO00732,2024-04-29,P005,R04,C0151,8,89.00,0.05,676.40,224.00,452.40
SO01031,2024-04-29,P011,R04,C0104,2,39.00,0.00,78.00,24.00,54.00
SO02153,2024-04-29,P011,R04,C0161,1,39.00,0.00,39.00,12.00,27.00
SO02991,2024-04-29,P016,R07,C0025,4,95.00,0.00,380.00,120.00,260.00
SO03115,2024-04-29,P009,R05,C0067,1,99.00,0.05,94.05,34.00,60.05
SO03154,2024-04-29,P010,R07,C0121,1,69.00,0.00,69.00,22.00,47.00
SO03393,2024-04-29,P013,R07,C0085,8,329.00,0.00,2632.00,880.00,1752.00
SO03589,2024-04-29,P019,R07,C0060,1,79.00,0.00,79.00,24.00,55.00
SO03623,2024-04-29,P005,R02,C0015,2,89.00,0.00,178.00,56.00,122.00
SO01224,2024-04-30,P014,R02,C0177,3,499.00,0.00,1497.00,540.00,957.00
SO02002,2024-04-30,P009,R03,C0136,1,99.00,0.10,89.10,34.00,55.10
SO02781,2024-04-30,P002,R07,C0080,5,399.00,0.10,1795.50,900.00,895.50
SO01354,2024-05-01,P017,R02,C0062,8,199.00,0.10,1432.80,520.00,912.80
SO01709,2024-05-01,P005,R07,C0159,1,89.00,0.10,80.10,28.00,52.10
SO03052,2024-05-01,P007,R01,C0138,2,129.00,0.10,232.20,84.00,148.20
SO03119,2024-05-01,P004,R05,C0123,2,1899.00,0.00,3798.00,1960.00,1838.00
SO03132,2024-05-01,P010,R02,C0148,1,69.00,0.00,69.00,22.00,47.00
SO03403,2024-05-01,P008,R07,C0074,4,299.00,0.05,1136.20,380.00,756.20
SO00509,2024-05-02,P002,R08,C0144,2,399.00,0.00,798.00,360.00,438.00
SO01226,2024-05-02,P011,R06,C0178,4,39.00,0.00,156.00,48.00,108.00
SO01774,2024-05-02,P013,R07,C0057,12,329.00,0.00,3948.00,1320.00,2628.00
SO03337,2024-05-02,P016,R01,C0144,3,95.00,0.00,285.00,90.00,195.00
SO00230,2024-05-03,P019,R04,C0043,1,79.00,0.00,79.00,24.00,55.00
SO00851,2024-05-03,P013,R06,C0107,8,329.00,0.00,2632.00,880.00,1752.00
SO01551,2024-05-03,P004,R05,C0014,1,1899.00,0.00,1899.00,980.00,919.00
SO01877,2024-05-03,P013,R02,C0030,1,329.00,0.00,329.00,110.00,219.00
SO01995,2024-05-03,P009,R07,C0121,2,99.00,0.10,178.20,68.00,110.20
SO02109,2024-05-03,P020,R04,C0084,1,29.00,0.00,29.00,8.00,21.00
SO02190,2024-05-03,P010,R02,C0068,2,69.00,0.10,124.20,44.00,80.20
SO03198,2024-05-03,P013,R02,C0070,2,329.00,0.00,658.00,220.00,438.00
SO03317,2024-05-03,P010,R08,C0117,1,69.00,0.00,69.00,22.00,47.00
SO01263,2024-05-04,P014,R04,C0087,3,499.00,0.10,1347.30,540.00,807.30
SO01765,2024-05-04,P010,R04,C0105,1,69.00,0.00,69.00,22.00,47.00
SO02900,2024-05-04,P007,R02,C0112,2,129.00,0.00,258.00,84.00,174.00
SO03524,2024-05-04,P008,R07,C0076,1,299.00,0.00,299.00,95.00,204.00
SO03970,2024-05-04,P007,R05,C0043,8,129.00,0.05,980.40,336.00,644.40
SO00870,2024-05-05,P005,R05,C0037,5,89.00,0.15,378.25,140.00,238.25
SO02810,2024-05-05,P017,R01,C0027,1,199.00,0.15,169.15,65.00,104.15
SO03237,2024-05-05,P013,R01,C0106,3,329.00,0.00,987.00,330.00,657.00
SO03290,2024-05-05,P007,R07,C0024,2,129.00,0.00,258.00,84.00,174.00
SO03496,2024-05-05,P018,R07,C0093,1,89.00,0.00,89.00,28.00,61.00
SO00135,2024-05-06,P013,R04,C0112,3,329.00,0.00,987.00,330.00,657.00
SO00151,2024-05-06,P008,R02,C0124,2,299.00,0.00,598.00,190.00,408.00
SO01728,2024-05-06,P020,R05,C0152,1,29.00,0.10,26.10,8.00,18.10
SO02642,2024-05-06,P004,R07,C0092,3,1899.00,0.00,5697.00,2940.00,2757.00
SO02925,2024-05-06,P007,R05,C0090,1,129.00,0.00,129.00,42.00,87.00
SO03636,2024-05-06,P005,R06,C0014,2,89.00,0.00,178.00,56.00,122.00
SO03938,2024-05-06,P014,R01,C0141,2,499.00,0.00,998.00,360.00,638.00
SO00283,2024-05-07,P007,R02,C0040,1,129.00,0.05,122.55,42.00,80.55
SO01126,2024-05-07,P002,R03,C0081,1,399.00,0.15,339.15,180.00,159.15
SO01587,2024-05-07,P007,R03,C0025,2,129.00,0.15,219.30,84.00,135.30
SO01713,2024-05-07,P016,R04,C0036,2,95.00,0.00,190.00,60.00,130.00
SO02768,2024-05-07,P008,R05,C0074,5,299.00,0.05,1420.25,475.00,945.25
SO03993,2024-05-07,P014,R02,C0045,1,499.00,0.20,399.20,180.00,219.20
SO02202,2024-05-08,P011,R03,C0074,1,39.00,0.00,39.00,12.00,27.00
SO03023,2024-05-08,P002,R04,C0126,3,399.00,0.00,1197.00,540.00,657.00
SO00337,2024-05-09,P019,R06,C0004,1,79.00,0.05,75.05,24.00,51.05
SO02477,2024-05-09,P012,R06,C0071,2,49.00,0.10,88.20,28.00,60.20
SO03991,2024-05-09,P015,R03,C0079,1,119.00,0.05,113.05,38.00,75.05
SO00346,2024-05-10,P016,R03,C0014,2,95.00,0.00,190.00,60.00,130.00
SO00515,2024-05-10,P011,R08,C0142,4,39.00,0.10,140.40,48.00,92.40
SO01212,2024-05-10,P012,R06,C0151,2,49.00,0.00,98.00,28.00,70.00
SO01811,2024-05-10,P016,R04,C0013,2,95.00,0.00,190.00,60.00,130.00
SO02267,2024-05-10,P006,R05,C0166,2,179.00,0.00,358.00,110.00,248.00
SO03345,2024-05-10,P003,R07,C0131,3,1199.00,0.05,3417.15,1920.00,1497.15
SO00070,2024-05-11,P009,R05,C0044,2,99.00,0.00,198.00,68.00,130.00
SO00143,2024-05-11,P002,R04,C0098,2,399.00,0.00,798.00,360.00,438.00
SO00484,2024-05-11,P010,R05,C0004,1,69.00,0.00,69.00,22.00,47.00
SO01119,2024-05-11,P012,R04,C0105,3,49.00,0.00,147.00,42.00,105.00
SO01461,2024-05-11,P019,R06,C0138,4,79.00,0.00,316.00,96.00,220.00
SO01648,2024-05-11,P017,R02,C0095,1,199.00,0.00,199.00,65.00,134.00
SO02870,2024-05-11,P004,R06,C0106,2,1899.00,0.00,3798.00,1960.00,1838.00
SO03548,2024-05-11,P016,R01,C0149,1,95.00,0.10,85.50,30.00,55.50
SO03611,2024-05-11,P016,R08,C0051,3,95.00,0.00,285.00,90.00,195.00
SO00055,2024-05-12,P001,R01,C0050,4,699.00,0.00,2796.00,1280.00,1516.00
SO00284,2024-05-12,P003,R04,C0162,2,1199.00,0.15,2038.30,1280.00,758.30
SO00803,2024-05-12,P004,R07,C0170,1,1899.00,0.00,1899.00,980.00,919.00
SO01745,2024-05-12,P018,R05,C0095,3,89.00,0.00,267.00,84.00,183.00
SO01819,2024-05-12,P019,R04,C0170,8,79.00,0.05,600.40,192.00,408.40
SO03477,2024-05-12,P020,R02,C0072,4,29.00,0.00,116.00,32.00,84.00
SO03950,2024-05-12,P018,R05,C0136,12,89.00,0.00,1068.00,336.00,732.00
SO00101,2024-05-13,P015,R03,C0137,2,119.00,0.00,238.00,76.00,162.00
SO01489,2024-05-13,P013,R08,C0090,3,329.00,0.00,987.00,330.00,657.00
SO03064,2024-05-13,P019,R08,C0109,8,79.00,0.15,537.20,192.00,345.20
SO03333,2024-05-13,P017,R02,C0167,2,199.00,0.00,398.00,130.00,268.00
SO03742,2024-05-13,P013,R05,C0067,1,329.00,0.05,312.55,110.00,202.55
SO00304,2024-05-14,P016,R02,C0075,12,95.00,0.05,1083.00,360.00,723.00
SO00380,2024-05-14,P004,R08,C0036,2,1899.00,0.00,3798.00,1960.00,1838.00
SO01482,2024-05-14,P011,R02,C0015,2,39.00,0.05,74.10,24.00,50.10
SO01786,2024-05-14,P006,R04,C0018,2,179.00,0.00,358.00,110.00,248.00
SO01928,2024-05-14,P014,R04,C0098,3,499.00,0.00,1497.00,540.00,957.00
SO01992,2024-05-14,P007,R08,C0111,3,129.00,0.20,309.60,126.00,183.60
SO02430,2024-05-14,P017,R02,C0006,5,199.00,0.10,895.50,325.00,570.50
SO02434,2024-05-14,P002,R07,C0029,2,399.00,0.05,758.10,360.00,398.10
SO03039,2024-05-14,P007,R02,C0108,4,129.00,0.00,516.00,168.00,348.00
SO03986,2024-05-14,P018,R01,C0169,5,89.00,0.10,400.50,140.00,260.50
SO00746,2024-05-15,P017,R05,C0048,1,199.00,0.05,189.05,65.00,124.05
SO00808,2024-05-15,P001,R02,C0071,3,699.00,0.10,1887.30,960.00,927.30
SO01646,2024-05-15,P001,R03,C0175,1,699.00,0.05,664.05,320.00,344.05
SO00177,2024-05-16,P014,R08,C0100,5,499.00,0.00,2495.00,900.00,1595.00
SO00386,2024-05-16,P008,R08,C0104,2,299.00,0.00,598.00,190.00,408.00
SO00976,2024-05-16,P020,R02,C0054,8,29.00,0.10,208.80,64.00,144.80
SO01014,2024-05-16,P005,R07,C0114,1,89.00,0.00,89.00,28.00,61.00
SO01156,2024-05-16,P004,R07,C0171,5,1899.00,0.00,9495.00,4900.00,4595.00
SO01763,2024-05-16,P019,R05,C0009,1,79.00,0.15,67.15,24.00,43.15
SO02196,2024-05-16,P010,R04,C0118,8,69.00,0.15,469.20,176.00,293.20
SO03166,2024-05-16,P015,R07,C0071,3,119.00,0.05,339.15,114.00,225.15
SO00391,2024-05-17,P010,R02,C0118,1,69.00,0.15,58.65,22.00,36.65
SO00465,2024-05-17,P018,R04,C0158,1,89.00,0.00,89.00,28.00,61.00
SO01255,2024-05-17,P006,R01,C0059,2,179.00,0.00,358.00,110.00,248.00
SO02277,2024-05-17,P014,R03,C0048,3,499.00,0.00,1497.00,540.00,957.00
SO02394,2024-05-17,P019,R06,C0157,1,79.00,0.10,71.10,24.00,47.10
SO02714,2024-05-17,P013,R02,C0064,1,329.00,0.05,312.55,110.00,202.55
SO03092,2024-05-17,P011,R04,C0053,3,39.00,0.05,111.15,36.00,75.15
SO03285,2024-05-17,P019,R04,C0011,2,79.00,0.00,158.00,48.00,110.00
SO03327,2024-05-17,P004,R06,C0068,5,1899.00,0.00,9495.00,4900.00,4595.00
SO03631,2024-05-17,P015,R07,C0036,1,119.00,0.00,119.00,38.00,81.00
SO00318,2024-05-18,P004,R07,C0129,2,1899.00,0.20,3038.40,1960.00,1078.40
SO02034,2024-05-18,P007,R05,C0043,2,129.00,0.00,258.00,84.00,174.00
SO02144,2024-05-18,P011,R07,C0149,1,39.00,0.00,39.00,12.00,27.00
SO02656,2024-05-18,P003,R02,C0093,1,1199.00,0.15,1019.15,640.00,379.15
SO02983,2024-05-18,P020,R08,C0009,1,29.00,0.00,29.00,8.00,21.00
SO03311,2024-05-18,P005,R08,C0063,3,89.00,0.05,253.65,84.00,169.65
SO03486,2024-05-18,P001,R03,C0170,5,699.00,0.05,3320.25,1600.00,1720.25
SO00669,2024-05-19,P003,R04,C0105,5,1199.00,0.00,5995.00,3200.00,2795.00
SO00686,2024-05-19,P018,R01,C0090,2,89.00,0.05,169.10,56.00,113.10
SO00723,2024-05-19,P006,R05,C0021,5,179.00,0.00,895.00,275.00,620.00
SO01091,2024-05-19,P012,R05,C0085,1,49.00,0.00,49.00,14.00,35.00
SO01164,2024-05-19,P004,R08,C0088,2,1899.00,0.00,3798.00,1960.00,1838.00
SO01784,2024-05-19,P011,R02,C0041,1,39.00,0.00,39.00,12.00,27.00
SO02413,2024-05-19,P011,R06,C0012,3,39.00,0.00,117.00,36.00,81.00
SO00456,2024-05-20,P009,R06,C0049,1,99.00,0.05,94.05,34.00,60.05
SO01691,2024-05-20,P018,R05,C0123,1,89.00,0.20,71.20,28.00,43.20
SO03447,2024-05-20,P004,R05,C0177,3,1899.00,0.05,5412.15,2940.00,2472.15
SO03911,2024-05-20,P003,R06,C0013,4,1199.00,0.00,4796.00,2560.00,2236.00
SO01599,2024-05-21,P006,R01,C0032,3,179.00,0.05,510.15,165.00,345.15
SO01382,2024-05-22,P002,R03,C0034,2,399.00,0.05,758.10,360.00,398.10
SO01670,2024-05-22,P015,R05,C0177,2,119.00,0.00,238.00,76.00,162.00
SO02031,2024-05-22,P009,R06,C0015,3,99.00,0.00,297.00,102.00,195.00
SO02130,2024-05-22,P002,R05,C0027,1,399.00,0.00,399.00,180.00,219.00
SO00030,2024-05-23,P001,R07,C0165,2,699.00,0.15,1188.30,640.00,548.30
SO01080,2024-05-23,P005,R07,C0115,4,89.00,0.00,356.00,112.00,244.00
SO01541,2024-05-23,P013,R04,C0156,1,329.00,0.10,296.10,110.00,186.10
SO02470,2024-05-23,P016,R03,C0039,1,95.00,0.00,95.00,30.00,65.00
SO02731,2024-05-23,P014,R06,C0065,1,499.00,0.00,499.00,180.00,319.00
SO02997,2024-05-23,P008,R05,C0153,3,299.00,0.00,897.00,285.00,612.00
SO02998,2024-05-23,P017,R07,C0001,1,199.00,0.05,189.05,65.00,124.05
SO00262,2024-05-24,P017,R06,C0012,1,199.00,0.00,199.00,65.00,134.00
SO00493,2024-05-24,P008,R07,C0113,12,299.00,0.00,3588.00,1140.00,2448.00
SO00878,2024-05-24,P009,R05,C0083,12,99.00,0.00,1188.00,408.00,780.00
SO02982,2024-05-24,P015,R07,C0061,3,119.00,0.00,357.00,114.00,243.00
SO03117,2024-05-24,P019,R04,C0049,1,79.00,0.15,67.15,24.00,43.15
SO03551,2024-05-24,P011,R02,C0050,1,39.00,0.00,39.00,12.00,27.00
SO03769,2024-05-24,P007,R05,C0067,5,129.00,0.10,580.50,210.00,370.50
SO03942,2024-05-24,P012,R04,C0130,2,49.00,0.00,98.00,28.00,70.00
SO01168,2024-05-25,P013,R04,C0041,2,329.00,0.00,658.00,220.00,438.00
SO01365,2024-05-25,P013,R03,C0013,2,329.00,0.05,625.10,220.00,405.10
SO01839,2024-05-25,P011,R07,C0164,12,39.00,0.00,468.00,144.00,324.00
SO02996,2024-05-25,P015,R04,C0061,1,119.00,0.05,113.05,38.00,75.05
SO03233,2024-05-25,P013,R03,C0045,4,329.00,0.10,1184.40,440.00,744.40
SO03977,2024-05-25,P019,R06,C0093,2,79.00,0.00,158.00,48.00,110.00
SO00017,2024-05-26,P014,R06,C0035,3,499.00,0.00,1497.00,540.00,957.00
SO00286,2024-05-26,P020,R01,C0170,2,29.00,0.00,58.00,16.00,42.00
SO00361,2024-05-26,P012,R08,C0107,2,49.00,0.00,98.00,28.00,70.00
SO00891,2024-05-26,P003,R04,C0134,3,1199.00,0.10,3237.30,1920.00,1317.30
SO01753,2024-05-26,P018,R06,C0058,3,89.00,0.00,267.00,84.00,183.00
SO02018,2024-05-26,P012,R01,C0162,5,49.00,0.00,245.00,70.00,175.00
SO03307,2024-05-26,P019,R05,C0087,8,79.00,0.10,568.80,192.00,376.80
SO00205,2024-05-27,P018,R03,C0012,1,89.00,0.05,84.55,28.00,56.55
SO01057,2024-05-27,P004,R05,C0142,1,1899.00,0.00,1899.00,980.00,919.00
SO01385,2024-05-27,P006,R08,C0123,2,179.00,0.10,322.20,110.00,212.20
SO02300,2024-05-27,P016,R04,C0034,1,95.00,0.10,85.50,30.00,55.50
SO03534,2024-05-27,P016,R01,C0119,3,95.00,0.05,270.75,90.00,180.75
SO00080,2024-05-28,P019,R02,C0179,8,79.00,0.00,632.00,192.00,440.00
SO01294,2024-05-28,P012,R01,C0097,1,49.00,0.00,49.00,14.00,35.00
SO03131,2024-05-28,P004,R04,C0179,1,1899.00,0.00,1899.00,980.00,919.00
SO01623,2024-05-29,P002,R04,C0015,1,399.00,0.10,359.10,180.00,179.10
SO03407,2024-05-29,P006,R03,C0026,2,179.00,0.20,286.40,110.00,176.40
SO03722,2024-05-29,P014,R05,C0150,2,499.00,0.00,998.00,360.00,638.00
SO01875,2024-05-30,P007,R08,C0125,1,129.00,0.05,122.55,42.00,80.55
SO03230,2024-05-30,P010,R07,C0013,1,69.00,0.00,69.00,22.00,47.00
SO03315,2024-05-30,P001,R04,C0156,1,699.00,0.10,629.10,320.00,309.10
SO03376,2024-05-30,P006,R01,C0096,3,179.00,0.00,537.00,165.00,372.00
SO00045,2024-05-31,P009,R03,C0134,3,99.00,0.00,297.00,102.00,195.00
SO00104,2024-05-31,P019,R02,C0045,4,79.00,0.05,300.20,96.00,204.20
SO00249,2024-05-31,P002,R07,C0031,1,399.00,0.10,359.10,180.00,179.10
SO00568,2024-05-31,P018,R06,C0028,1,89.00,0.00,89.00,28.00,61.00
SO02050,2024-05-31,P007,R08,C0014,2,129.00,0.15,219.30,84.00,135.30
SO02247,2024-05-31,P013,R07,C0084,1,329.00,0.00,329.00,110.00,219.00
SO02830,2024-05-31,P014,R05,C0055,5,499.00,0.00,2495.00,900.00,1595.00
SO02842,2024-05-31,P009,R01,C0022,3,99.00,0.00,297.00,102.00,195.00
SO00300,2024-06-01,P007,R05,C0037,2,129.00,0.00,258.00,84.00,174.00
SO01248,2024-06-01,P005,R01,C0057,1,89.00,0.05,84.55,28.00,56.55
SO01653,2024-06-01,P019,R05,C0171,2,79.00,0.00,158.00,48.00,110.00
SO01915,2024-06-01,P015,R07,C0012,5,119.00,0.05,565.25,190.00,375.25
SO02367,2024-06-01,P019,R02,C0113,3,79.00,0.10,213.30,72.00,141.30
SO03205,2024-06-01,P016,R03,C0169,1,95.00,0.00,95.00,30.00,65.00
SO03305,2024-06-01,P020,R05,C0034,1,29.00,0.00,29.00,8.00,21.00
SO03498,2024-06-01,P017,R08,C0050,3,199.00,0.00,597.00,195.00,402.00
SO00794,2024-06-02,P015,R03,C0012,2,119.00,0.00,238.00,76.00,162.00
SO01901,2024-06-02,P007,R03,C0031,3,129.00,0.05,367.65,126.00,241.65
SO03384,2024-06-02,P011,R04,C0073,2,39.00,0.05,74.10,24.00,50.10
SO00289,2024-06-03,P016,R08,C0177,3,95.00,0.00,285.00,90.00,195.00
SO00687,2024-06-03,P007,R01,C0076,3,129.00,0.00,387.00,126.00,261.00
SO01016,2024-06-03,P001,R08,C0073,5,699.00,0.00,3495.00,1600.00,1895.00
SO02047,2024-06-03,P005,R01,C0142,1,89.00,0.10,80.10,28.00,52.10
SO00203,2024-06-04,P004,R02,C0012,3,1899.00,0.00,5697.00,2940.00,2757.00
SO00241,2024-06-04,P009,R02,C0109,5,99.00,0.00,495.00,170.00,325.00
SO02305,2024-06-04,P017,R05,C0027,12,199.00,0.05,2268.60,780.00,1488.60
SO03005,2024-06-04,P011,R05,C0090,1,39.00,0.05,37.05,12.00,25.05
SO03635,2024-06-04,P010,R01,C0075,1,69.00,0.00,69.00,22.00,47.00
SO00057,2024-06-05,P012,R03,C0047,1,49.00,0.10,44.10,14.00,30.10
SO00807,2024-06-05,P009,R05,C0157,2,99.00,0.00,198.00,68.00,130.00
SO01413,2024-06-05,P018,R01,C0028,1,89.00,0.00,89.00,28.00,61.00
SO02084,2024-06-05,P002,R03,C0055,1,399.00,0.15,339.15,180.00,159.15
SO02091,2024-06-05,P001,R03,C0101,4,699.00,0.20,2236.80,1280.00,956.80
SO02126,2024-06-05,P015,R04,C0014,1,119.00,0.00,119.00,38.00,81.00
SO02743,2024-06-05,P019,R05,C0024,1,79.00,0.00,79.00,24.00,55.00
SO01280,2024-06-06,P006,R03,C0022,1,179.00,0.05,170.05,55.00,115.05
SO02078,2024-06-06,P007,R04,C0062,3,129.00,0.10,348.30,126.00,222.30
SO02223,2024-06-06,P012,R01,C0007,1,49.00,0.00,49.00,14.00,35.00
SO02369,2024-06-06,P014,R04,C0133,8,499.00,0.05,3792.40,1440.00,2352.40
SO03241,2024-06-06,P019,R01,C0065,1,79.00,0.10,71.10,24.00,47.10
SO03426,2024-06-06,P001,R08,C0045,1,699.00,0.05,664.05,320.00,344.05
SO03729,2024-06-06,P016,R06,C0169,2,95.00,0.00,190.00,60.00,130.00
SO00093,2024-06-07,P009,R03,C0017,1,99.00,0.00,99.00,34.00,65.00
SO00181,2024-06-07,P018,R08,C0169,4,89.00,0.20,284.80,112.00,172.80
SO00487,2024-06-07,P009,R04,C0093,1,99.00,0.10,89.10,34.00,55.10
SO00931,2024-06-07,P020,R01,C0147,3,29.00,0.15,73.95,24.00,49.95
SO01660,2024-06-07,P008,R07,C0002,8,299.00,0.00,2392.00,760.00,1632.00
SO02603,2024-06-07,P010,R07,C0153,4,69.00,0.10,248.40,88.00,160.40
SO02831,2024-06-07,P010,R04,C0118,2,69.00,0.00,138.00,44.00,94.00
SO03538,2024-06-07,P018,R01,C0056,1,89.00,0.05,84.55,28.00,56.55
SO03890,2024-06-07,P002,R02,C0162,5,399.00,0.00,1995.00,900.00,1095.00
SO00100,2024-06-08,P016,R01,C0163,8,95.00,0.00,760.00,240.00,520.00
SO01056,2024-06-08,P005,R06,C0120,3,89.00,0.00,267.00,84.00,183.00
SO02495,2024-06-08,P010,R08,C0022,2,69.00,0.20,110.40,44.00,66.40
SO03281,2024-06-08,P003,R04,C0038,1,1199.00,0.20,959.20,640.00,319.20
SO02808,2024-06-09,P005,R02,C0002,1,89.00,0.00,89.00,28.00,61.00
SO03731,2024-06-09,P007,R03,C0101,2,129.00,0.15,219.30,84.00,135.30
SO00026,2024-06-10,P015,R03,C0167,1,119.00,0.00,119.00,38.00,81.00
SO02260,2024-06-10,P008,R08,C0009,1,299.00,0.05,284.05,95.00,189.05
SO02941,2024-06-10,P011,R04,C0111,3,39.00,0.05,111.15,36.00,75.15
SO03030,2024-06-10,P004,R06,C0070,1,1899.00,0.05,1804.05,980.00,824.05
SO03622,2024-06-10,P013,R04,C0026,4,329.00,0.10,1184.40,440.00,744.40
SO01201,2024-06-11,P018,R08,C0109,4,89.00,0.10,320.40,112.00,208.40
SO01505,2024-06-11,P016,R04,C0159,4,95.00,0.00,380.00,120.00,260.00
SO01512,2024-06-11,P015,R06,C0062,1,119.00,0.00,119.00,38.00,81.00
SO01747,2024-06-11,P009,R02,C0119,3,99.00,0.00,297.00,102.00,195.00
SO02030,2024-06-11,P011,R06,C0075,3,39.00,0.00,117.00,36.00,81.00
SO03541,2024-06-11,P020,R01,C0036,1,29.00,0.00,29.00,8.00,21.00
SO00113,2024-06-12,P003,R07,C0158,5,1199.00,0.00,5995.00,3200.00,2795.00
SO00960,2024-06-12,P010,R04,C0027,4,69.00,0.15,234.60,88.00,146.60
SO02351,2024-06-12,P016,R04,C0001,2,95.00,0.05,180.50,60.00,120.50
SO03913,2024-06-12,P002,R01,C0152,4,399.00,0.00,1596.00,720.00,876.00
SO00285,2024-06-13,P008,R02,C0148,2,299.00,0.20,478.40,190.00,288.40
SO01815,2024-06-13,P009,R01,C0076,1,99.00,0.05,94.05,34.00,60.05
SO02424,2024-06-13,P014,R05,C0018,1,499.00,0.00,499.00,180.00,319.00
SO02582,2024-06-13,P002,R03,C0085,2,399.00,0.10,718.20,360.00,358.20
SO02766,2024-06-13,P006,R05,C0119,2,179.00,0.00,358.00,110.00,248.00
SO00501,2024-06-14,P017,R04,C0020,2,199.00,0.00,398.00,130.00,268.00
SO00917,2024-06-14,P002,R06,C0082,2,399.00,0.00,798.00,360.00,438.00
SO01089,2024-06-14,P002,R08,C0070,1,399.00,0.05,379.05,180.00,199.05
SO01357,2024-06-14,P014,R03,C0005,3,499.00,0.05,1422.15,540.00,882.15
SO02756,2024-06-14,P003,R01,C0070,2,1199.00,0.00,2398.00,1280.00,1118.00
SO03430,2024-06-14,P018,R01,C0022,4,89.00,0.10,320.40,112.00,208.40
SO00071,2024-06-15,P008,R04,C0041,1,299.00,0.05,284.05,95.00,189.05
SO00393,2024-06-15,P010,R04,C0035,1,69.00,0.15,58.65,22.00,36.65
SO01768,2024-06-15,P009,R04,C0004,2,99.00,0.00,198.00,68.00,130.00
SO01977,2024-06-15,P015,R06,C0142,2,119.00,0.00,238.00,76.00,162.00
SO02916,2024-06-15,P007,R03,C0105,4,129.00,0.15,438.60,168.00,270.60
SO03072,2024-06-15,P016,R04,C0036,1,95.00,0.00,95.00,30.00,65.00
SO00067,2024-06-16,P015,R05,C0058,2,119.00,0.00,238.00,76.00,162.00
SO00405,2024-06-16,P020,R01,C0119,1,29.00,0.20,23.20,8.00,15.20
SO01194,2024-06-16,P007,R07,C0004,4,129.00,0.05,490.20,168.00,322.20
SO01242,2024-06-16,P006,R02,C0163,1,179.00,0.00,179.00,55.00,124.00
SO01564,2024-06-16,P011,R01,C0092,3,39.00,0.00,117.00,36.00,81.00
SO01721,2024-06-16,P001,R07,C0001,1,699.00,0.10,629.10,320.00,309.10
SO01978,2024-06-16,P016,R03,C0155,3,95.00,0.05,270.75,90.00,180.75
SO03390,2024-06-16,P013,R07,C0086,1,329.00,0.00,329.00,110.00,219.00
SO01189,2024-06-17,P016,R06,C0137,1,95.00,0.00,95.00,30.00,65.00
SO01557,2024-06-17,P001,R01,C0055,3,699.00,0.05,1992.15,960.00,1032.15
SO01624,2024-06-17,P003,R04,C0179,12,1199.00,0.20,11510.40,7680.00,3830.40
SO01930,2024-06-17,P006,R04,C0107,1,179.00,0.00,179.00,55.00,124.00
SO01884,2024-06-18,P016,R02,C0115,1,95.00,0.10,85.50,30.00,55.50
SO02176,2024-06-18,P019,R05,C0066,1,79.00,0.00,79.00,24.00,55.00
SO02403,2024-06-18,P001,R07,C0008,2,699.00,0.00,1398.00,640.00,758.00
SO02624,2024-06-18,P020,R06,C0017,2,29.00,0.00,58.00,16.00,42.00
SO01703,2024-06-19,P011,R02,C0041,1,39.00,0.00,39.00,12.00,27.00
SO01807,2024-06-19,P014,R01,C0092,2,499.00,0.05,948.10,360.00,588.10
SO02921,2024-06-19,P004,R02,C0124,3,1899.00,0.00,5697.00,2940.00,2757.00
SO03462,2024-06-19,P017,R03,C0049,1,199.00,0.00,199.00,65.00,134.00
SO03510,2024-06-19,P007,R04,C0027,1,129.00,0.00,129.00,42.00,87.00
SO03497,2024-06-20,P014,R06,C0094,3,499.00,0.05,1422.15,540.00,882.15
SO02905,2024-06-21,P001,R07,C0066,3,699.00,0.05,1992.15,960.00,1032.15
SO03153,2024-06-21,P008,R02,C0013,3,299.00,0.00,897.00,285.00,612.00
SO00822,2024-06-22,P013,R06,C0116,1,329.00,0.05,312.55,110.00,202.55
SO03262,2024-06-22,P016,R04,C0049,1,95.00,0.05,90.25,30.00,60.25
SO03895,2024-06-22,P004,R06,C0119,1,1899.00,0.00,1899.00,980.00,919.00
SO00780,2024-06-23,P007,R04,C0137,12,129.00,0.00,1548.00,504.00,1044.00
SO01100,2024-06-23,P005,R02,C0090,5,89.00,0.00,445.00,140.00,305.00
SO02365,2024-06-23,P016,R01,C0080,3,95.00,0.00,285.00,90.00,195.00
SO00266,2024-06-24,P003,R04,C0079,1,1199.00,0.00,1199.00,640.00,559.00
SO00444,2024-06-24,P006,R02,C0078,5,179.00,0.05,850.25,275.00,575.25
SO02427,2024-06-24,P019,R03,C0138,1,79.00,0.15,67.15,24.00,43.15
SO01118,2024-06-25,P017,R04,C0016,3,199.00,0.00,597.00,195.00,402.00
SO02564,2024-06-25,P019,R07,C0008,3,79.00,0.00,237.00,72.00,165.00
SO02581,2024-06-25,P006,R04,C0132,1,179.00,0.00,179.00,55.00,124.00
SO03063,2024-06-25,P003,R07,C0021,1,1199.00,0.20,959.20,640.00,319.20
SO01640,2024-06-26,P012,R02,C0107,1,49.00,0.05,46.55,14.00,32.55
SO01760,2024-06-26,P001,R06,C0030,2,699.00,0.00,1398.00,640.00,758.00
SO02204,2024-06-26,P007,R02,C0101,1,129.00,0.00,129.00,42.00,87.00
SO02644,2024-06-26,P007,R08,C0044,1,129.00,0.10,116.10,42.00,74.10
SO02962,2024-06-26,P012,R07,C0026,1,49.00,0.00,49.00,14.00,35.00
SO03444,2024-06-26,P011,R07,C0005,3,39.00,0.05,111.15,36.00,75.15
SO00052,2024-06-27,P014,R07,C0004,1,499.00,0.05,474.05,180.00,294.05
SO03070,2024-06-27,P011,R07,C0120,1,39.00,0.00,39.00,12.00,27.00
SO00389,2024-06-28,P016,R01,C0129,2,95.00,0.00,190.00,60.00,130.00
SO00825,2024-06-28,P005,R03,C0078,1,89.00,0.00,89.00,28.00,61.00
SO01513,2024-06-28,P014,R01,C0051,2,499.00,0.10,898.20,360.00,538.20
SO01635,2024-06-28,P001,R04,C0106,2,699.00,0.00,1398.00,640.00,758.00
SO03654,2024-06-28,P019,R05,C0033,5,79.00,0.05,375.25,120.00,255.25
SO03828,2024-06-28,P014,R03,C0099,2,499.00,0.00,998.00,360.00,638.00
SO00427,2024-06-29,P011,R06,C0148,2,39.00,0.00,78.00,24.00,54.00
SO00967,2024-06-29,P004,R06,C0068,8,1899.00,0.00,15192.00,7840.00,7352.00
SO02947,2024-06-29,P018,R08,C0083,2,89.00,0.10,160.20,56.00,104.20
SO03274,2024-06-29,P012,R05,C0128,1,49.00,0.00,49.00,14.00,35.00
SO03592,2024-06-29,P018,R02,C0092,2,89.00,0.00,178.00,56.00,122.00
SO00647,2024-06-30,P008,R08,C0126,3,299.00,0.10,807.30,285.00,522.30
SO00725,2024-06-30,P018,R01,C0046,1,89.00,0.00,89.00,28.00,61.00
SO00961,2024-06-30,P020,R02,C0121,8,29.00,0.00,232.00,64.00,168.00
SO01060,2024-06-30,P010,R02,C0173,2,69.00,0.00,138.00,44.00,94.00
SO01389,2024-06-30,P002,R05,C0134,1,399.00,0.00,399.00,180.00,219.00
SO01554,2024-06-30,P012,R08,C0043,2,49.00,0.00,98.00,28.00,70.00
SO01596,2024-06-30,P014,R06,C0010,1,499.00,0.10,449.10,180.00,269.10
SO01961,2024-06-30,P007,R06,C0058,1,129.00,0.00,129.00,42.00,87.00
SO02651,2024-06-30,P007,R05,C0024,8,129.00,0.00,1032.00,336.00,696.00
SO00576,2024-07-01,P011,R05,C0180,1,39.00,0.15,33.15,12.00,21.15
SO01199,2024-07-01,P011,R05,C0048,4,39.00,0.05,148.20,48.00,100.20
SO02290,2024-07-01,P007,R05,C0162,3,129.00,0.00,387.00,126.00,261.00
SO02291,2024-07-01,P014,R03,C0090,5,499.00,0.20,1996.00,900.00,1096.00
SO03167,2024-07-01,P013,R08,C0026,2,329.00,0.20,526.40,220.00,306.40
SO03304,2024-07-01,P015,R05,C0087,2,119.00,0.00,238.00,76.00,162.00
SO03399,2024-07-01,P012,R06,C0067,5,49.00,0.10,220.50,70.00,150.50
SO01919,2024-07-02,P004,R05,C0123,1,1899.00,0.05,1804.05,980.00,824.05
SO02732,2024-07-02,P008,R01,C0169,1,299.00,0.05,284.05,95.00,189.05
SO03519,2024-07-02,P001,R03,C0063,1,699.00,0.10,629.10,320.00,309.10
SO03903,2024-07-02,P016,R01,C0028,2,95.00,0.00,190.00,60.00,130.00
SO00120,2024-07-03,P004,R03,C0126,3,1899.00,0.20,4557.60,2940.00,1617.60
SO00511,2024-07-03,P014,R06,C0050,8,499.00,0.20,3193.60,1440.00,1753.60
SO00859,2024-07-04,P003,R01,C0175,2,1199.00,0.10,2158.20,1280.00,878.20
SO00964,2024-07-04,P015,R05,C0170,12,119.00,0.10,1285.20,456.00,829.20
SO01583,2024-07-04,P013,R05,C0122,1,329.00,0.00,329.00,110.00,219.00
SO01972,2024-07-04,P019,R07,C0002,1,79.00,0.15,67.15,24.00,43.15
SO02828,2024-07-04,P002,R08,C0126,2,399.00,0.05,758.10,360.00,398.10
SO02979,2024-07-04,P015,R07,C0106,3,119.00,0.00,357.00,114.00,243.00
SO03448,2024-07-04,P003,R06,C0135,8,1199.00,0.00,9592.00,5120.00,4472.00
SO00646,2024-07-05,P012,R05,C0033,2,49.00,0.20,78.40,28.00,50.40
SO00962,2024-07-05,P019,R04,C0051,1,79.00,0.00,79.00,24.00,55.00
SO02172,2024-07-05,P011,R03,C0004,8,39.00,0.00,312.00,96.00,216.00
SO02234,2024-07-05,P019,R01,C0029,2,79.00,0.05,150.10,48.00,102.10
SO02585,2024-07-05,P007,R05,C0155,2,129.00,0.00,258.00,84.00,174.00
SO02689,2024-07-05,P013,R08,C0013,2,329.00,0.00,658.00,220.00,438.00
SO03019,2024-07-05,P001,R07,C0019,1,699.00,0.10,629.10,320.00,309.10
SO00585,2024-07-06,P020,R08,C0055,5,29.00,0.00,145.00,40.00,105.00
SO00621,2024-07-06,P009,R01,C0110,1,99.00,0.00,99.00,34.00,65.00
SO01914,2024-07-06,P016,R04,C0010,5,95.00,0.00,475.00,150.00,325.00
SO02129,2024-07-06,P006,R04,C0136,4,179.00,0.15,608.60,220.00,388.60
SO00419,2024-07-07,P015,R07,C0090,1,119.00,0.10,107.10,38.00,69.10
SO00810,2024-07-07,P007,R04,C0035,1,129.00,0.10,116.10,42.00,74.10
SO01663,2024-07-07,P011,R07,C0095,4,39.00,0.05,148.20,48.00,100.20
SO02460,2024-07-07,P020,R01,C0010,3,29.00,0.00,87.00,24.00,63.00
SO02919,2024-07-07,P011,R07,C0005,8,39.00,0.05,296.40,96.00,200.40
SO03142,2024-07-07,P011,R06,C0119,1,39.00,0.10,35.10,12.00,23.10
SO03223,2024-07-07,P006,R04,C0079,1,179.00,0.05,170.05,55.00,115.05
SO00189,2024-07-08,P015,R04,C0140,1,119.00,0.00,119.00,38.00,81.00
SO01484,2024-07-08,P015,R03,C0070,1,119.00,0.00,119.00,38.00,81.00
SO01547,2024-07-08,P008,R05,C0096,1,299.00,0.00,299.00,95.00,204.00
SO02212,2024-07-08,P005,R08,C0143,3,89.00,0.10,240.30,84.00,156.30
SO02955,2024-07-08,P016,R06,C0095,1,95.00,0.10,85.50,30.00,55.50
SO03090,2024-07-08,P006,R01,C0115,1,179.00,0.00,179.00,55.00,124.00
SO00345,2024-07-09,P004,R02,C0069,1,1899.00,0.10,1709.10,980.00,729.10
SO01908,2024-07-09,P001,R02,C0115,12,699.00,0.00,8388.00,3840.00,4548.00
SO03925,2024-07-09,P007,R01,C0085,1,129.00,0.00,129.00,42.00,87.00
SO00392,2024-07-10,P006,R08,C0077,3,179.00,0.00,537.00,165.00,372.00
SO01563,2024-07-10,P008,R08,C0071,2,299.00,0.00,598.00,190.00,408.00
SO02914,2024-07-10,P001,R06,C0013,4,699.00,0.05,2656.20,1280.00,1376.20
SO03959,2024-07-10,P012,R06,C0164,4,49.00,0.05,186.20,56.00,130.20
SO03978,2024-07-10,P003,R04,C0017,1,1199.00,0.00,1199.00,640.00,559.00
SO01909,2024-07-11,P008,R03,C0177,1,299.00,0.05,284.05,95.00,189.05
SO02889,2024-07-11,P016,R01,C0137,2,95.00,0.05,180.50,60.00,120.50
SO03294,2024-07-11,P012,R02,C0071,2,49.00,0.00,98.00,28.00,70.00
SO03454,2024-07-11,P017,R07,C0019,2,199.00,0.00,398.00,130.00,268.00
SO00245,2024-07-12,P020,R02,C0113,2,29.00,0.00,58.00,16.00,42.00
SO00744,2024-07-12,P006,R02,C0166,5,179.00,0.15,760.75,275.00,485.75
SO01381,2024-07-12,P020,R02,C0023,2,29.00,0.05,55.10,16.00,39.10
SO01598,2024-07-12,P008,R05,C0108,4,299.00,0.00,1196.00,380.00,816.00
SO02141,2024-07-12,P014,R03,C0129,2,499.00,0.00,998.00,360.00,638.00
SO02588,2024-07-12,P003,R01,C0107,1,1199.00,0.05,1139.05,640.00,499.05
SO02917,2024-07-12,P017,R03,C0131,1,199.00,0.00,199.00,65.00,134.00
SO01678,2024-07-13,P016,R01,C0179,1,95.00,0.05,90.25,30.00,60.25
SO01700,2024-07-13,P005,R03,C0031,1,89.00,0.05,84.55,28.00,56.55
SO02685,2024-07-13,P016,R05,C0128,8,95.00,0.15,646.00,240.00,406.00
SO03219,2024-07-13,P003,R05,C0101,3,1199.00,0.15,3057.45,1920.00,1137.45
SO00584,2024-07-14,P008,R02,C0021,12,299.00,0.00,3588.00,1140.00,2448.00
SO01291,2024-07-14,P009,R06,C0044,12,99.00,0.00,1188.00,408.00,780.00
SO02125,2024-07-14,P009,R08,C0113,2,99.00,0.05,188.10,68.00,120.10
SO03129,2024-07-14,P019,R05,C0028,2,79.00,0.05,150.10,48.00,102.10
SO03429,2024-07-14,P012,R05,C0038,1,49.00,0.10,44.10,14.00,30.10
SO03469,2024-07-14,P001,R01,C0110,1,699.00,0.05,664.05,320.00,344.05
SO01130,2024-07-15,P020,R03,C0156,1,29.00,0.15,24.65,8.00,16.65
SO01483,2024-07-15,P010,R03,C0061,3,69.00,0.05,196.65,66.00,130.65
SO02963,2024-07-15,P019,R06,C0180,4,79.00,0.00,316.00,96.00,220.00
SO03234,2024-07-15,P019,R01,C0037,4,79.00,0.10,284.40,96.00,188.40
SO00216,2024-07-16,P014,R05,C0141,1,499.00,0.15,424.15,180.00,244.15
SO00243,2024-07-16,P012,R05,C0154,3,49.00,0.00,147.00,42.00,105.00
SO00287,2024-07-16,P020,R01,C0010,12,29.00,0.00,348.00,96.00,252.00
SO01871,2024-07-16,P017,R02,C0014,1,199.00,0.00,199.00,65.00,134.00
SO03073,2024-07-16,P012,R04,C0052,1,49.00,0.00,49.00,14.00,35.00
SO03135,2024-07-16,P018,R04,C0034,2,89.00,0.00,178.00,56.00,122.00
SO03371,2024-07-16,P017,R05,C0042,2,199.00,0.05,378.10,130.00,248.10
SO00136,2024-07-17,P013,R06,C0053,4,329.00,0.00,1316.00,440.00,876.00
SO01688,2024-07-17,P001,R01,C0101,1,699.00,0.05,664.05,320.00,344.05
SO03170,2024-07-17,P008,R05,C0144,2,299.00,0.00,598.00,190.00,408.00
SO03173,2024-07-17,P019,R02,C0089,2,79.00,0.10,142.20,48.00,94.20
SO03669,2024-07-17,P015,R02,C0057,4,119.00,0.00,476.00,152.00,324.00
SO00114,2024-07-18,P006,R02,C0054,4,179.00,0.10,644.40,220.00,424.40
SO00630,2024-07-18,P004,R08,C0060,2,1899.00,0.05,3608.10,1960.00,1648.10
SO00991,2024-07-18,P002,R07,C0159,4,399.00,0.00,1596.00,720.00,876.00
SO02313,2024-07-18,P007,R01,C0163,2,129.00,0.00,258.00,84.00,174.00
SO00971,2024-07-19,P015,R05,C0069,1,119.00,0.00,119.00,38.00,81.00
SO01637,2024-07-19,P020,R07,C0077,2,29.00,0.15,49.30,16.00,33.30
SO01695,2024-07-19,P017,R06,C0152,3,199.00,0.00,597.00,195.00,402.00
SO01794,2024-07-19,P020,R08,C0019,12,29.00,0.00,348.00,96.00,252.00
SO03501,2024-07-19,P018,R03,C0131,2,89.00,0.05,169.10,56.00,113.10
SO00124,2024-07-20,P010,R01,C0026,2,69.00,0.15,117.30,44.00,73.30
SO00413,2024-07-20,P003,R03,C0161,1,1199.00,0.00,1199.00,640.00,559.00
SO00644,2024-07-20,P013,R06,C0130,5,329.00,0.10,1480.50,550.00,930.50
SO02391,2024-07-20,P016,R04,C0023,2,95.00,0.10,171.00,60.00,111.00
SO02419,2024-07-20,P009,R01,C0166,1,99.00,0.05,94.05,34.00,60.05
SO02542,2024-07-20,P009,R06,C0127,3,99.00,0.20,237.60,102.00,135.60
SO03887,2024-07-20,P015,R07,C0029,3,119.00,0.10,321.30,114.00,207.30
SO03969,2024-07-20,P017,R07,C0012,1,199.00,0.00,199.00,65.00,134.00
SO01161,2024-07-21,P010,R08,C0041,1,69.00,0.00,69.00,22.00,47.00
SO01332,2024-07-21,P019,R08,C0162,1,79.00,0.00,79.00,24.00,55.00
SO01631,2024-07-21,P006,R04,C0084,2,179.00,0.05,340.10,110.00,230.10
SO01785,2024-07-21,P017,R05,C0089,2,199.00,0.00,398.00,130.00,268.00
SO01149,2024-07-22,P014,R07,C0052,2,499.00,0.00,998.00,360.00,638.00
SO03932,2024-07-22,P002,R02,C0050,2,399.00,0.10,718.20,360.00,358.20
SO01452,2024-07-23,P007,R05,C0095,2,129.00,0.10,232.20,84.00,148.20
SO01779,2024-07-23,P013,R02,C0054,1,329.00,0.05,312.55,110.00,202.55
SO01841,2024-07-23,P018,R03,C0161,2,89.00,0.10,160.20,56.00,104.20
SO02121,2024-07-24,P007,R03,C0038,2,129.00,0.00,258.00,84.00,174.00
SO03616,2024-07-24,P001,R03,C0175,5,699.00,0.00,3495.00,1600.00,1895.00
SO00276,2024-07-25,P020,R03,C0127,3,29.00,0.00,87.00,24.00,63.00
SO00624,2024-07-25,P013,R01,C0001,1,329.00,0.20,263.20,110.00,153.20
SO02957,2024-07-25,P002,R03,C0145,2,399.00,0.10,718.20,360.00,358.20
SO03851,2024-07-25,P007,R08,C0028,5,129.00,0.05,612.75,210.00,402.75
SO00223,2024-07-26,P008,R06,C0125,4,299.00,0.10,1076.40,380.00,696.40
SO00242,2024-07-26,P013,R03,C0016,1,329.00,0.00,329.00,110.00,219.00
SO01163,2024-07-26,P011,R02,C0177,1,39.00,0.00,39.00,12.00,27.00
SO01388,2024-07-26,P019,R02,C0086,1,79.00,0.00,79.00,24.00,55.00
SO02702,2024-07-26,P013,R03,C0049,12,329.00,0.00,3948.00,1320.00,2628.00
SO02777,2024-07-26,P017,R08,C0078,2,199.00,0.00,398.00,130.00,268.00
SO03581,2024-07-26,P003,R07,C0021,5,1199.00,0.00,5995.00,3200.00,2795.00
SO00128,2024-07-27,P017,R07,C0163,2,199.00,0.00,398.00,130.00,268.00
SO00579,2024-07-28,P011,R01,C0047,2,39.00,0.05,74.10,24.00,50.10
SO00597,2024-07-29,P016,R03,C0155,1,95.00,0.05,90.25,30.00,60.25
SO00666,2024-07-29,P006,R07,C0129,8,179.00,0.05,1360.40,440.00,920.40
SO00945,2024-07-29,P015,R03,C0177,2,119.00,0.20,190.40,76.00,114.40
SO01662,2024-07-29,P016,R08,C0136,1,95.00,0.05,90.25,30.00,60.25
SO01926,2024-07-29,P017,R04,C0151,1,199.00,0.00,199.00,65.00,134.00
SO03707,2024-07-29,P010,R04,C0033,3,69.00,0.15,175.95,66.00,109.95
SO00212,2024-07-30,P017,R07,C0041,1,199.00,0.00,199.00,65.00,134.00
SO00510,2024-07-30,P003,R07,C0016,2,1199.00,0.00,2398.00,1280.00,1118.00
SO00614,2024-07-30,P017,R01,C0095,4,199.00,0.00,796.00,260.00,536.00
SO01033,2024-07-30,P016,R01,C0104,1,95.00,0.10,85.50,30.00,55.50
SO02601,2024-07-30,P010,R03,C0102,8,69.00,0.00,552.00,176.00,376.00
SO00132,2024-07-31,P014,R04,C0096,1,499.00,0.00,499.00,180.00,319.00
SO02437,2024-07-31,P008,R04,C0001,1,299.00,0.00,299.00,95.00,204.00
SO02622,2024-07-31,P005,R04,C0033,1,89.00,0.00,89.00,28.00,61.00
SO01356,2024-08-01,P002,R03,C0176,1,399.00,0.00,399.00,180.00,219.00
SO01669,2024-08-01,P003,R07,C0053,2,1199.00,0.05,2278.10,1280.00,998.10
SO02035,2024-08-01,P008,R08,C0040,1,299.00,0.05,284.05,95.00,189.05
SO02105,2024-08-01,P008,R01,C0048,1,299.00,0.10,269.10,95.00,174.10
SO02901,2024-08-01,P020,R02,C0115,1,29.00,0.00,29.00,8.00,21.00
SO02946,2024-08-01,P020,R07,C0060,1,29.00,0.10,26.10,8.00,18.10
SO03505,2024-08-01,P018,R01,C0017,1,89.00,0.00,89.00,28.00,61.00
SO00818,2024-08-02,P005,R03,C0085,5,89.00,0.00,445.00,140.00,305.00
SO01848,2024-08-02,P010,R03,C0049,3,69.00,0.00,207.00,66.00,141.00
SO02918,2024-08-02,P020,R05,C0077,1,29.00,0.00,29.00,8.00,21.00
SO03336,2024-08-02,P010,R08,C0108,12,69.00,0.00,828.00,264.00,564.00
SO00033,2024-08-03,P003,R06,C0161,3,1199.00,0.20,2877.60,1920.00,957.60
SO00251,2024-08-03,P006,R04,C0174,1,179.00,0.05,170.05,55.00,115.05
SO00341,2024-08-03,P010,R04,C0130,1,69.00,0.00,69.00,22.00,47.00
SO00748,2024-08-03,P006,R08,C0043,1,179.00,0.05,170.05,55.00,115.05
SO01872,2024-08-03,P010,R03,C0151,8,69.00,0.10,496.80,176.00,320.80
SO02009,2024-08-03,P003,R03,C0001,1,1199.00,0.00,1199.00,640.00,559.00
SO02727,2024-08-03,P006,R04,C0088,2,179.00,0.20,286.40,110.00,176.40
SO00750,2024-08-04,P012,R08,C0098,1,49.00,0.15,41.65,14.00,27.65
SO01143,2024-08-04,P020,R07,C0142,1,29.00,0.00,29.00,8.00,21.00
SO01286,2024-08-04,P010,R02,C0147,1,69.00,0.00,69.00,22.00,47.00
SO02332,2024-08-04,P008,R04,C0034,1,299.00,0.05,284.05,95.00,189.05
SO02366,2024-08-04,P005,R08,C0082,1,89.00,0.00,89.00,28.00,61.00
SO02708,2024-08-04,P013,R06,C0090,1,329.00,0.05,312.55,110.00,202.55
SO02887,2024-08-04,P002,R02,C0047,1,399.00,0.00,399.00,180.00,219.00
SO00728,2024-08-05,P014,R02,C0032,2,499.00,0.00,998.00,360.00,638.00
SO00738,2024-08-05,P007,R04,C0044,2,129.00,0.00,258.00,84.00,174.00
SO00816,2024-08-05,P004,R04,C0031,1,1899.00,0.05,1804.05,980.00,824.05
SO01797,2024-08-05,P002,R08,C0126,3,399.00,0.00,1197.00,540.00,657.00
SO01799,2024-08-05,P011,R03,C0082,3,39.00,0.10,105.30,36.00,69.30
SO01878,2024-08-05,P016,R03,C0100,4,95.00,0.00,380.00,120.00,260.00
SO00607,2024-08-06,P001,R06,C0009,1,699.00,0.05,664.05,320.00,344.05
SO02346,2024-08-06,P011,R01,C0031,1,39.00,0.20,31.20,12.00,19.20
SO02397,2024-08-06,P017,R01,C0041,4,199.00,0.05,756.20,260.00,496.20
SO02853,2024-08-06,P013,R08,C0041,2,329.00,0.00,658.00,220.00,438.00
SO01221,2024-08-07,P019,R01,C0003,3,79.00,0.00,237.00,72.00,165.00
SO01971,2024-08-07,P010,R04,C0098,8,69.00,0.00,552.00,176.00,376.00
SO00148,2024-08-08,P013,R04,C0119,2,329.00,0.10,592.20,220.00,372.20
SO00281,2024-08-08,P007,R01,C0044,1,129.00,0.00,129.00,42.00,87.00
SO00593,2024-08-08,P015,R02,C0108,1,119.00,0.10,107.10,38.00,69.10
SO00602,2024-08-08,P007,R02,C0143,3,129.00,0.00,387.00,126.00,261.00
SO02008,2024-08-08,P004,R04,C0143,2,1899.00,0.00,3798.00,1960.00,1838.00
SO02859,2024-08-08,P018,R01,C0044,1,89.00,0.10,80.10,28.00,52.10
SO03357,2024-08-08,P009,R03,C0107,12,99.00,0.15,1009.80,408.00,601.80
SO03392,2024-08-08,P002,R01,C0074,1,399.00,0.00,399.00,180.00,219.00
SO00279,2024-08-09,P012,R03,C0096,1,49.00,0.10,44.10,14.00,30.10
SO00742,2024-08-09,P017,R03,C0123,3,199.00,0.05,567.15,195.00,372.15
SO01444,2024-08-09,P002,R04,C0028,4,399.00,0.00,1596.00,720.00,876.00
SO01520,2024-08-09,P010,R08,C0104,1,69.00,0.00,69.00,22.00,47.00
SO02278,2024-08-09,P011,R08,C0091,3,39.00,0.00,117.00,36.00,81.00
SO03941,2024-08-09,P007,R04,C0059,1,129.00,0.20,103.20,42.00,61.20
SO01039,2024-08-10,P018,R01,C0155,2,89.00,0.20,142.40,56.00,86.40
SO01625,2024-08-10,P016,R03,C0045,3,95.00,0.00,285.00,90.00,195.00
SO03045,2024-08-10,P018,R08,C0126,4,89.00,0.00,356.00,112.00,244.00
SO03252,2024-08-10,P018,R05,C0030,12,89.00,0.00,1068.00,336.00,732.00
SO03321,2024-08-10,P012,R06,C0052,1,49.00,0.05,46.55,14.00,32.55
SO03922,2024-08-10,P014,R06,C0114,1,499.00,0.10,449.10,180.00,269.10
SO00350,2024-08-11,P003,R02,C0128,3,1199.00,0.10,3237.30,1920.00,1317.30
SO01867,2024-08-11,P008,R07,C0034,2,299.00,0.00,598.00,190.00,408.00
SO02062,2024-08-11,P009,R03,C0087,3,99.00,0.00,297.00,102.00,195.00
SO02663,2024-08-11,P010,R06,C0063,1,69.00,0.00,69.00,22.00,47.00
SO02694,2024-08-11,P005,R07,C0107,1,89.00,0.00,89.00,28.00,61.00
SO03095,2024-08-11,P015,R04,C0148,2,119.00,0.15,202.30,76.00,126.30
SO00197,2024-08-12,P017,R01,C0020,1,199.00,0.15,169.15,65.00,104.15
SO00355,2024-08-12,P002,R04,C0107,2,399.00,0.20,638.40,360.00,278.40
SO00797,2024-08-12,P009,R06,C0039,8,99.00,0.00,792.00,272.00,520.00
SO00902,2024-08-12,P007,R07,C0097,1,129.00,0.15,109.65,42.00,67.65
SO01411,2024-08-12,P004,R05,C0158,2,1899.00,0.10,3418.20,1960.00,1458.20
SO01608,2024-08-12,P007,R02,C0179,2,129.00,0.00,258.00,84.00,174.00
SO01834,2024-08-12,P018,R08,C0018,3,89.00,0.20,213.60,84.00,129.60
SO02977,2024-08-12,P012,R08,C0013,1,49.00,0.00,49.00,14.00,35.00
SO03872,2024-08-12,P004,R01,C0105,1,1899.00,0.05,1804.05,980.00,824.05
SO00475,2024-08-13,P003,R02,C0008,2,1199.00,0.20,1918.40,1280.00,638.40
SO01924,2024-08-13,P011,R04,C0038,4,39.00,0.05,148.20,48.00,100.20
SO01990,2024-08-13,P003,R08,C0163,2,1199.00,0.00,2398.00,1280.00,1118.00
SO02545,2024-08-13,P014,R01,C0026,2,499.00,0.00,998.00,360.00,638.00
SO02679,2024-08-13,P009,R08,C0022,1,99.00,0.00,99.00,34.00,65.00
SO02760,2024-08-13,P005,R01,C0085,1,89.00,0.00,89.00,28.00,61.00
SO01906,2024-08-14,P001,R05,C0170,1,699.00,0.10,629.10,320.00,309.10
SO02187,2024-08-14,P002,R03,C0164,1,399.00,0.00,399.00,180.00,219.00
SO03587,2024-08-14,P011,R07,C0004,4,39.00,0.05,148.20,48.00,100.20
SO01534,2024-08-15,P011,R07,C0062,1,39.00,0.10,35.10,12.00,23.10
SO01683,2024-08-15,P010,R05,C0087,1,69.00,0.10,62.10,22.00,40.10
SO02721,2024-08-15,P018,R01,C0041,3,89.00,0.00,267.00,84.00,183.00
SO03320,2024-08-15,P017,R01,C0130,5,199.00,0.00,995.00,325.00,670.00
SO00661,2024-08-16,P019,R03,C0173,1,79.00,0.00,79.00,24.00,55.00
SO00771,2024-08-16,P016,R03,C0109,3,95.00,0.15,242.25,90.00,152.25
SO01114,2024-08-16,P012,R05,C0109,2,49.00,0.00,98.00,28.00,70.00
SO02195,2024-08-16,P008,R04,C0006,1,299.00,0.00,299.00,95.00,204.00
SO02286,2024-08-16,P004,R03,C0130,1,1899.00,0.00,1899.00,980.00,919.00
SO02388,2024-08-16,P013,R05,C0180,2,329.00,0.05,625.10,220.00,405.10
SO03124,2024-08-16,P007,R04,C0082,8,129.00,0.15,877.20,336.00,541.20
SO03293,2024-08-16,P003,R06,C0139,2,1199.00,0.05,2278.10,1280.00,998.10
SO03692,2024-08-16,P001,R06,C0033,3,699.00,0.05,1992.15,960.00,1032.15
SO03768,2024-08-16,P020,R01,C0120,3,29.00,0.00,87.00,24.00,63.00
SO03989,2024-08-16,P020,R05,C0119,1,29.00,0.00,29.00,8.00,21.00
SO01359,2024-08-17,P001,R03,C0046,2,699.00,0.00,1398.00,640.00,758.00
SO03259,2024-08-17,P009,R03,C0059,1,99.00,0.10,89.10,34.00,55.10
SO00490,2024-08-18,P020,R07,C0129,2,29.00,0.00,58.00,16.00,42.00
SO00586,2024-08-18,P007,R03,C0026,1,129.00,0.00,129.00,42.00,87.00
SO01345,2024-08-18,P011,R05,C0119,1,39.00,0.05,37.05,12.00,25.05
SO01911,2024-08-18,P015,R05,C0141,2,119.00,0.00,238.00,76.00,162.00
SO02217,2024-08-18,P019,R04,C0049,1,79.00,0.00,79.00,24.00,55.00
SO02361,2024-08-18,P019,R07,C0178,1,79.00,0.05,75.05,24.00,51.05
SO03208,2024-08-18,P014,R04,C0048,1,499.00,0.00,499.00,180.00,319.00
SO03258,2024-08-18,P003,R01,C0007,8,1199.00,0.10,8632.80,5120.00,3512.80
SO03649,2024-08-18,P001,R01,C0099,1,699.00,0.00,699.00,320.00,379.00
SO00594,2024-08-19,P016,R05,C0133,1,95.00,0.00,95.00,30.00,65.00
SO02580,2024-08-19,P010,R08,C0010,3,69.00,0.00,207.00,66.00,141.00
SO02809,2024-08-19,P006,R03,C0024,5,179.00,0.00,895.00,275.00,620.00
SO03884,2024-08-19,P005,R04,C0116,8,89.00,0.15,605.20,224.00,381.20
SO00674,2024-08-20,P012,R01,C0113,1,49.00,0.05,46.55,14.00,32.55
SO01932,2024-08-20,P007,R02,C0180,1,129.00,0.00,129.00,42.00,87.00
SO03854,2024-08-20,P002,R02,C0136,3,399.00,0.10,1077.30,540.00,537.30
SO03881,2024-08-20,P011,R07,C0132,3,39.00,0.00,117.00,36.00,81.00
SO01216,2024-08-21,P001,R04,C0043,1,699.00,0.00,699.00,320.00,379.00
SO01524,2024-08-21,P003,R01,C0047,1,1199.00,0.00,1199.00,640.00,559.00
SO02306,2024-08-21,P014,R05,C0127,1,499.00,0.00,499.00,180.00,319.00
SO02791,2024-08-21,P012,R02,C0066,4,49.00,0.10,176.40,56.00,120.40
SO03028,2024-08-21,P007,R05,C0007,1,129.00,0.00,129.00,42.00,87.00
SO00603,2024-08-22,P019,R07,C0168,1,79.00,0.00,79.00,24.00,55.00
SO00857,2024-08-22,P009,R02,C0012,4,99.00,0.00,396.00,136.00,260.00
SO01209,2024-08-22,P012,R02,C0048,3,49.00,0.00,147.00,42.00,105.00
SO01805,2024-08-22,P001,R02,C0043,2,699.00,0.10,1258.20,640.00,618.20
SO02933,2024-08-22,P012,R08,C0154,3,49.00,0.00,147.00,42.00,105.00
SO01850,2024-08-23,P007,R05,C0094,2,129.00,0.00,258.00,84.00,174.00
SO02507,2024-08-23,P016,R05,C0087,2,95.00,0.05,180.50,60.00,120.50
SO03885,2024-08-23,P003,R04,C0148,5,1199.00,0.00,5995.00,3200.00,2795.00
SO00213,2024-08-24,P003,R07,C0092,4,1199.00,0.15,4076.60,2560.00,1516.60
SO00296,2024-08-24,P012,R01,C0177,8,49.00,0.00,392.00,112.00,280.00
SO02061,2024-08-24,P012,R05,C0159,4,49.00,0.00,196.00,56.00,140.00
SO02127,2024-08-24,P013,R04,C0116,12,329.00,0.00,3948.00,1320.00,2628.00
SO02604,2024-08-24,P002,R02,C0119,1,399.00,0.20,319.20,180.00,139.20
SO02774,2024-08-24,P015,R01,C0013,2,119.00,0.00,238.00,76.00,162.00
SO02817,2024-08-24,P002,R08,C0163,4,399.00,0.20,1276.80,720.00,556.80
SO02981,2024-08-24,P009,R03,C0076,1,99.00,0.00,99.00,34.00,65.00
SO03239,2024-08-24,P018,R04,C0124,2,89.00,0.00,178.00,56.00,122.00
SO03554,2024-08-24,P020,R08,C0179,3,29.00,0.00,87.00,24.00,63.00
SO03894,2024-08-24,P011,R08,C0124,1,39.00,0.10,35.10,12.00,23.10
SO01825,2024-08-25,P005,R06,C0057,1,89.00,0.10,80.10,28.00,52.10
SO02183,2024-08-25,P020,R03,C0032,1,29.00,0.15,24.65,8.00,16.65
SO03314,2024-08-25,P011,R03,C0096,8,39.00,0.00,312.00,96.00,216.00
SO03368,2024-08-25,P001,R07,C0123,5,699.00,0.20,2796.00,1600.00,1196.00
SO03689,2024-08-25,P005,R01,C0050,3,89.00,0.10,240.30,84.00,156.30
SO03833,2024-08-25,P010,R06,C0071,1,69.00,0.05,65.55,22.00,43.55
SO00270,2024-08-26,P004,R06,C0034,1,1899.00,0.05,1804.05,980.00,824.05
SO01247,2024-08-26,P002,R03,C0062,1,399.00,0.20,319.20,180.00,139.20
SO02222,2024-08-26,P001,R08,C0177,5,699.00,0.00,3495.00,1600.00,1895.00
SO02494,2024-08-26,P014,R05,C0126,2,499.00,0.00,998.00,360.00,638.00
SO03436,2024-08-26,P002,R01,C0148,1,399.00,0.05,379.05,180.00,199.05
SO00090,2024-08-27,P011,R05,C0052,1,39.00,0.10,35.10,12.00,23.10
SO00769,2024-08-27,P009,R05,C0020,1,99.00,0.20,79.20,34.00,45.20
SO01935,2024-08-27,P002,R05,C0056,5,399.00,0.00,1995.00,900.00,1095.00
SO02316,2024-08-27,P007,R07,C0086,2,129.00,0.05,245.10,84.00,161.10
SO03046,2024-08-27,P009,R05,C0141,1,99.00,0.00,99.00,34.00,65.00
SO03705,2024-08-27,P017,R08,C0042,2,199.00,0.15,338.30,130.00,208.30
SO03750,2024-08-27,P012,R04,C0050,1,49.00,0.10,44.10,14.00,30.10
SO00705,2024-08-28,P004,R03,C0167,1,1899.00,0.10,1709.10,980.00,729.10
SO01664,2024-08-28,P006,R03,C0154,3,179.00,0.00,537.00,165.00,372.00
SO03653,2024-08-28,P002,R08,C0138,1,399.00,0.05,379.05,180.00,199.05
SO03891,2024-08-28,P011,R01,C0085,5,39.00,0.20,156.00,60.00,96.00
SO03947,2024-08-28,P006,R03,C0063,1,179.00,0.15,152.15,55.00,97.15
SO03914,2024-08-29,P015,R08,C0025,1,119.00,0.00,119.00,38.00,81.00
SO03955,2024-08-29,P005,R04,C0082,1,89.00,0.10,80.10,28.00,52.10
SO01063,2024-08-30,P006,R07,C0133,1,179.00,0.10,161.10,55.00,106.10
SO01300,2024-08-30,P003,R06,C0151,3,1199.00,0.00,3597.00,1920.00,1677.00
SO01808,2024-08-30,P014,R08,C0176,3,499.00,0.05,1422.15,540.00,882.15
SO03598,2024-08-30,P019,R08,C0068,2,79.00,0.00,158.00,48.00,110.00
SO02821,2024-08-31,P007,R03,C0014,4,129.00,0.15,438.60,168.00,270.60
SO00048,2024-09-01,P010,R04,C0006,1,69.00,0.05,65.55,22.00,43.55
SO00789,2024-09-01,P014,R08,C0065,1,499.00,0.00,499.00,180.00,319.00
SO01011,2024-09-01,P016,R04,C0150,1,95.00,0.10,85.50,30.00,55.50
SO01015,2024-09-01,P013,R03,C0056,1,329.00,0.05,312.55,110.00,202.55
SO01032,2024-09-01,P018,R08,C0166,1,89.00,0.10,80.10,28.00,52.10
SO01479,2024-09-01,P012,R06,C0120,3,49.00,0.05,139.65,42.00,97.65
SO03666,2024-09-01,P019,R08,C0051,1,79.00,0.00,79.00,24.00,55.00
SO00729,2024-09-02,P020,R06,C0091,1,29.00,0.20,23.20,8.00,15.20
SO01106,2024-09-02,P008,R04,C0066,1,299.00,0.05,284.05,95.00,189.05
SO01160,2024-09-02,P005,R04,C0110,2,89.00,0.00,178.00,56.00,122.00
SO01415,2024-09-03,P011,R08,C0065,5,39.00,0.00,195.00,60.00,135.00
SO01772,2024-09-03,P001,R01,C0072,4,699.00,0.05,2656.20,1280.00,1376.20
SO01887,2024-09-03,P015,R08,C0129,1,119.00,0.10,107.10,38.00,69.10
SO02353,2024-09-03,P006,R01,C0078,1,179.00,0.00,179.00,55.00,124.00
SO03122,2024-09-03,P017,R06,C0104,2,199.00,0.20,318.40,130.00,188.40
SO03716,2024-09-03,P015,R03,C0061,1,119.00,0.05,113.05,38.00,75.05
SO01083,2024-09-05,P017,R05,C0080,2,199.00,0.15,338.30,130.00,208.30
SO03009,2024-09-05,P003,R08,C0152,2,1199.00,0.05,2278.10,1280.00,998.10
SO03171,2024-09-05,P020,R07,C0099,3,29.00,0.05,82.65,24.00,58.65
SO03973,2024-09-05,P014,R03,C0026,4,499.00,0.20,1596.80,720.00,876.80
SO00325,2024-09-06,P014,R02,C0156,1,499.00,0.20,399.20,180.00,219.20
SO01077,2024-09-06,P008,R08,C0063,4,299.00,0.00,1196.00,380.00,816.00
SO01127,2024-09-06,P012,R04,C0164,2,49.00,0.20,78.40,28.00,50.40
SO03713,2024-09-06,P014,R02,C0064,2,499.00,0.00,998.00,360.00,638.00
SO00207,2024-09-07,P002,R04,C0010,1,399.00,0.00,399.00,180.00,219.00
SO00410,2024-09-07,P017,R08,C0157,1,199.00,0.00,199.00,65.00,134.00
SO01285,2024-09-07,P007,R07,C0180,4,129.00,0.10,464.40,168.00,296.40
SO02208,2024-09-07,P017,R07,C0180,1,199.00,0.05,189.05,65.00,124.05
SO02503,2024-09-07,P016,R06,C0089,4,95.00,0.00,380.00,120.00,260.00
SO00566,2024-09-08,P019,R02,C0009,3,79.00,0.05,225.15,72.00,153.15
SO00689,2024-09-08,P003,R04,C0177,2,1199.00,0.15,2038.30,1280.00,758.30
SO01362,2024-09-08,P008,R03,C0052,1,299.00,0.00,299.00,95.00,204.00
SO01692,2024-09-08,P017,R08,C0095,2,199.00,0.00,398.00,130.00,268.00
SO02079,2024-09-08,P014,R03,C0023,1,499.00,0.00,499.00,180.00,319.00
SO02095,2024-09-08,P014,R01,C0175,1,499.00,0.20,399.20,180.00,219.20
SO00659,2024-09-09,P001,R06,C0041,1,699.00,0.10,629.10,320.00,309.10
SO01026,2024-09-09,P011,R04,C0175,1,39.00,0.05,37.05,12.00,25.05
SO01102,2024-09-09,P015,R03,C0084,2,119.00,0.00,238.00,76.00,162.00
SO01433,2024-09-09,P007,R06,C0171,2,129.00,0.20,206.40,84.00,122.40
SO01590,2024-09-09,P007,R07,C0176,3,129.00,0.00,387.00,126.00,261.00
SO01746,2024-09-09,P004,R08,C0150,3,1899.00,0.00,5697.00,2940.00,2757.00
SO01770,2024-09-09,P019,R03,C0116,1,79.00,0.05,75.05,24.00,51.05
SO01804,2024-09-09,P013,R02,C0041,5,329.00,0.00,1645.00,550.00,1095.00
SO03058,2024-09-09,P011,R03,C0013,3,39.00,0.00,117.00,36.00,81.00
SO00377,2024-09-10,P020,R01,C0164,2,29.00,0.00,58.00,16.00,42.00
SO01399,2024-09-10,P019,R04,C0040,3,79.00,0.10,213.30,72.00,141.30
SO01962,2024-09-10,P004,R08,C0087,1,1899.00,0.00,1899.00,980.00,919.00
SO02033,2024-09-10,P011,R05,C0048,4,39.00,0.00,156.00,48.00,108.00
SO02649,2024-09-10,P006,R08,C0159,2,179.00,0.05,340.10,110.00,230.10
SO02747,2024-09-10,P019,R08,C0149,3,79.00,0.05,225.15,72.00,153.15
SO02789,2024-09-10,P017,R07,C0077,1,199.00,0.00,199.00,65.00,134.00
SO03291,2024-09-10,P011,R07,C0103,5,39.00,0.00,195.00,60.00,135.00
SO00244,2024-09-11,P012,R07,C0052,1,49.00,0.00,49.00,14.00,35.00
SO01005,2024-09-11,P015,R05,C0159,5,119.00,0.00,595.00,190.00,405.00
SO02930,2024-09-11,P007,R04,C0147,8,129.00,0.00,1032.00,336.00,696.00
SO00175,2024-09-12,P019,R02,C0024,1,79.00,0.00,79.00,24.00,55.00
SO00536,2024-09-12,P019,R01,C0088,4,79.00,0.10,284.40,96.00,188.40
SO01249,2024-09-12,P010,R08,C0084,2,69.00,0.15,117.30,44.00,73.30
SO01620,2024-09-12,P019,R01,C0156,3,79.00,0.15,201.45,72.00,129.45
SO02137,2024-09-12,P004,R02,C0118,2,1899.00,0.00,3798.00,1960.00,1838.00
SO03123,2024-09-12,P007,R02,C0130,1,129.00,0.00,129.00,42.00,87.00
SO03781,2024-09-12,P006,R07,C0044,3,179.00,0.00,537.00,165.00,372.00
SO00126,2024-09-13,P009,R04,C0014,8,99.00,0.00,792.00,272.00,520.00
SO00895,2024-09-13,P016,R02,C0013,4,95.00,0.00,380.00,120.00,260.00
SO01001,2024-09-13,P018,R01,C0077,1,89.00,0.05,84.55,28.00,56.55
SO02446,2024-09-13,P003,R07,C0172,1,1199.00,0.00,1199.00,640.00,559.00
SO03251,2024-09-13,P012,R08,C0015,2,49.00,0.00,98.00,28.00,70.00
SO03804,2024-09-13,P002,R04,C0023,4,399.00,0.00,1596.00,720.00,876.00
SO00316,2024-09-14,P008,R05,C0057,1,299.00,0.00,299.00,95.00,204.00
SO01122,2024-09-14,P002,R02,C0028,4,399.00,0.10,1436.40,720.00,716.40
SO03298,2024-09-14,P007,R07,C0063,2,129.00,0.00,258.00,84.00,174.00
SO03867,2024-09-14,P014,R06,C0108,8,499.00,0.00,3992.00,1440.00,2552.00
SO03933,2024-09-14,P011,R08,C0083,5,39.00,0.05,185.25,60.00,125.25
SO03984,2024-09-14,P019,R01,C0011,2,79.00,0.00,158.00,48.00,110.00
SO01606,2024-09-15,P018,R01,C0096,1,89.00,0.00,89.00,28.00,61.00
SO02670,2024-09-15,P004,R05,C0052,8,1899.00,0.00,15192.00,7840.00,7352.00
SO02709,2024-09-15,P009,R03,C0056,2,99.00,0.00,198.00,68.00,130.00
SO02759,2024-09-15,P007,R01,C0086,1,129.00,0.10,116.10,42.00,74.10
SO03848,2024-09-15,P011,R06,C0061,3,39.00,0.00,117.00,36.00,81.00
SO00909,2024-09-16,P004,R07,C0022,2,1899.00,0.15,3228.30,1960.00,1268.30
SO01003,2024-09-16,P018,R01,C0158,1,89.00,0.00,89.00,28.00,61.00
SO02052,2024-09-16,P010,R08,C0131,1,69.00,0.10,62.10,22.00,40.10
SO02782,2024-09-16,P003,R01,C0179,2,1199.00,0.00,2398.00,1280.00,1118.00
SO02844,2024-09-16,P008,R08,C0026,3,299.00,0.10,807.30,285.00,522.30
SO02863,2024-09-16,P015,R04,C0058,1,119.00,0.15,101.15,38.00,63.15
SO02897,2024-09-16,P017,R07,C0071,2,199.00,0.00,398.00,130.00,268.00
SO00125,2024-09-17,P007,R07,C0038,1,129.00,0.10,116.10,42.00,74.10
SO00269,2024-09-17,P019,R02,C0140,1,79.00,0.00,79.00,24.00,55.00
SO00302,2024-09-17,P019,R03,C0134,1,79.00,0.00,79.00,24.00,55.00
SO00921,2024-09-17,P009,R04,C0098,2,99.00,0.05,188.10,68.00,120.10
SO01865,2024-09-17,P003,R01,C0137,4,1199.00,0.10,4316.40,2560.00,1756.40
SO02168,2024-09-17,P011,R03,C0024,1,39.00,0.15,33.15,12.00,21.15
SO03059,2024-09-17,P007,R07,C0177,3,129.00,0.10,348.30,126.00,222.30
SO03685,2024-09-17,P012,R08,C0018,1,49.00,0.05,46.55,14.00,32.55
SO01929,2024-09-18,P007,R07,C0046,2,129.00,0.10,232.20,84.00,148.20
SO02502,2024-09-18,P015,R05,C0054,2,119.00,0.00,238.00,76.00,162.00
SO00051,2024-09-19,P003,R04,C0031,4,1199.00,0.00,4796.00,2560.00,2236.00
SO00633,2024-09-19,P017,R01,C0170,2,199.00,0.00,398.00,130.00,268.00
SO01344,2024-09-19,P019,R03,C0033,2,79.00,0.15,134.30,48.00,86.30
SO01680,2024-09-19,P010,R04,C0107,2,69.00,0.05,131.10,44.00,87.10
SO02888,2024-09-19,P015,R03,C0074,3,119.00,0.00,357.00,114.00,243.00
SO03048,2024-09-19,P012,R08,C0026,2,49.00,0.05,93.10,28.00,65.10
SO02086,2024-09-20,P020,R03,C0022,2,29.00,0.20,46.40,16.00,30.40
SO02634,2024-09-20,P017,R03,C0178,2,199.00,0.00,398.00,130.00,268.00
SO02758,2024-09-20,P006,R08,C0017,3,179.00,0.00,537.00,165.00,372.00
SO03627,2024-09-20,P009,R03,C0106,1,99.00,0.10,89.10,34.00,55.10
SO00025,2024-09-21,P009,R06,C0144,3,99.00,0.00,297.00,102.00,195.00
SO00908,2024-09-21,P010,R08,C0174,1,69.00,0.00,69.00,22.00,47.00
SO02750,2024-09-21,P019,R06,C0144,2,79.00,0.20,126.40,48.00,78.40
SO00264,2024-09-22,P012,R01,C0175,4,49.00,0.15,166.60,56.00,110.60
SO00439,2024-09-22,P018,R01,C0137,1,89.00,0.00,89.00,28.00,61.00
SO01698,2024-09-22,P008,R06,C0054,1,299.00,0.00,299.00,95.00,204.00
SO02532,2024-09-22,P016,R01,C0021,1,95.00,0.00,95.00,30.00,65.00
SO02927,2024-09-22,P011,R01,C0068,1,39.00,0.00,39.00,12.00,27.00
SO03812,2024-09-22,P012,R07,C0126,5,49.00,0.00,245.00,70.00,175.00
SO03829,2024-09-22,P010,R02,C0080,1,69.00,0.00,69.00,22.00,47.00
SO01275,2024-09-23,P002,R07,C0085,5,399.00,0.00,1995.00,900.00,1095.00
SO01860,2024-09-23,P001,R05,C0157,2,699.00,0.00,1398.00,640.00,758.00
SO03402,2024-09-23,P010,R05,C0149,1,69.00,0.05,65.55,22.00,43.55
SO03755,2024-09-23,P014,R06,C0134,3,499.00,0.00,1497.00,540.00,957.00
SO00069,2024-09-24,P007,R08,C0163,1,129.00,0.00,129.00,42.00,87.00
SO00429,2024-09-24,P018,R01,C0109,1,89.00,0.00,89.00,28.00,61.00
SO00893,2024-09-24,P011,R03,C0060,3,39.00,0.00,117.00,36.00,81.00
SO01959,2024-09-24,P006,R07,C0122,5,179.00,0.10,805.50,275.00,530.50
SO02269,2024-09-24,P016,R04,C0024,1,95.00,0.10,85.50,30.00,55.50
SO02506,2024-09-24,P020,R01,C0020,3,29.00,0.10,78.30,24.00,54.30
SO03264,2024-09-24,P018,R01,C0176,1,89.00,0.05,84.55,28.00,56.55
SO00905,2024-09-25,P019,R02,C0020,1,79.00,0.05,75.05,24.00,51.05
SO01734,2024-09-25,P004,R02,C0056,2,1899.00,0.05,3608.10,1960.00,1648.10
SO00485,2024-09-26,P016,R02,C0107,1,95.00,0.05,90.25,30.00,60.25
SO01206,2024-09-26,P008,R01,C0179,2,299.00,0.05,568.10,190.00,378.10
SO01283,2024-09-26,P019,R05,C0011,3,79.00,0.00,237.00,72.00,165.00
SO01856,2024-09-26,P006,R07,C0099,1,179.00,0.10,161.10,55.00,106.10
SO02185,2024-09-26,P009,R04,C0166,2,99.00,0.00,198.00,68.00,130.00
SO03078,2024-09-26,P002,R07,C0026,5,399.00,0.00,1995.00,900.00,1095.00
SO03668,2024-09-26,P017,R01,C0039,3,199.00,0.00,597.00,195.00,402.00
SO02829,2024-09-27,P002,R07,C0162,4,399.00,0.20,1276.80,720.00,556.80
SO02934,2024-09-27,P004,R02,C0108,5,1899.00,0.00,9495.00,4900.00,4595.00
SO03267,2024-09-27,P007,R07,C0009,3,129.00,0.05,367.65,126.00,241.65
SO03904,2024-09-27,P020,R06,C0002,1,29.00,0.10,26.10,8.00,18.10
SO00219,2024-09-28,P013,R06,C0086,4,329.00,0.00,1316.00,440.00,876.00
SO00840,2024-09-28,P019,R03,C0080,2,79.00,0.00,158.00,48.00,110.00
SO02691,2024-09-28,P010,R05,C0144,1,69.00,0.00,69.00,22.00,47.00
SO03660,2024-09-28,P010,R06,C0069,1,69.00,0.00,69.00,22.00,47.00
SO03736,2024-09-28,P011,R04,C0127,1,39.00,0.20,31.20,12.00,19.20
SO03865,2024-09-28,P010,R07,C0018,5,69.00,0.00,345.00,110.00,235.00
SO00079,2024-09-29,P005,R01,C0155,2,89.00,0.00,178.00,56.00,122.00
SO01641,2024-09-29,P010,R04,C0054,4,69.00,0.10,248.40,88.00,160.40
SO02521,2024-09-29,P015,R07,C0099,2,119.00,0.05,226.10,76.00,150.10
SO03051,2024-09-29,P019,R04,C0019,1,79.00,0.00,79.00,24.00,55.00
SO03161,2024-09-29,P018,R08,C0037,1,89.00,0.00,89.00,28.00,61.00
SO01338,2024-09-30,P014,R08,C0116,2,499.00,0.00,998.00,360.00,638.00
SO01581,2024-09-30,P009,R07,C0019,3,99.00,0.00,297.00,102.00,195.00
SO02221,2024-09-30,P007,R02,C0151,2,129.00,0.05,245.10,84.00,161.10
SO01499,2024-10-01,P014,R04,C0136,4,499.00,0.00,1996.00,720.00,1276.00
SO01921,2024-10-01,P001,R04,C0103,3,699.00,0.00,2097.00,960.00,1137.00
SO01946,2024-10-01,P007,R06,C0051,5,129.00,0.00,645.00,210.00,435.00
SO02053,2024-10-01,P010,R06,C0160,2,69.00,0.00,138.00,44.00,94.00
SO02075,2024-10-01,P007,R06,C0049,4,129.00,0.00,516.00,168.00,348.00
SO02209,2024-10-01,P005,R03,C0013,2,89.00,0.05,169.10,56.00,113.10
SO02737,2024-10-01,P003,R07,C0158,1,1199.00,0.00,1199.00,640.00,559.00
SO03309,2024-10-01,P007,R01,C0123,2,129.00,0.00,258.00,84.00,174.00
SO03346,2024-10-01,P011,R06,C0093,8,39.00,0.00,312.00,96.00,216.00
SO03645,2024-10-01,P008,R03,C0105,1,299.00,0.05,284.05,95.00,189.05
SO01821,2024-10-02,P006,R02,C0108,3,179.00,0.00,537.00,165.00,372.00
SO03212,2024-10-02,P020,R02,C0134,2,29.00,0.00,58.00,16.00,42.00
SO03253,2024-10-02,P010,R02,C0148,5,69.00,0.10,310.50,110.00,200.50
SO03363,2024-10-02,P002,R05,C0001,1,399.00,0.05,379.05,180.00,199.05
SO00022,2024-10-03,P011,R08,C0132,2,39.00,0.00,78.00,24.00,54.00
SO00162,2024-10-03,P015,R08,C0160,5,119.00,0.00,595.00,190.00,405.00
SO00236,2024-10-03,P015,R01,C0151,1,119.00,0.00,119.00,38.00,81.00
SO00412,2024-10-03,P017,R01,C0090,1,199.00,0.00,199.00,65.00,134.00
SO00876,2024-10-03,P014,R03,C0108,2,499.00,0.00,998.00,360.00,638.00
SO02776,2024-10-03,P014,R03,C0151,1,499.00,0.00,499.00,180.00,319.00
SO00163,2024-10-04,P020,R03,C0166,1,29.00,0.00,29.00,8.00,21.00
SO00871,2024-10-04,P018,R04,C0081,1,89.00,0.00,89.00,28.00,61.00
SO02117,2024-10-04,P012,R01,C0137,3,49.00,0.10,132.30,42.00,90.30
SO02525,2024-10-04,P013,R03,C0087,1,329.00,0.00,329.00,110.00,219.00
SO02531,2024-10-04,P002,R01,C0155,4,399.00,0.00,1596.00,720.00,876.00
SO03247,2024-10-04,P018,R08,C0104,2,89.00,0.00,178.00,56.00,122.00
SO00008,2024-10-05,P018,R04,C0139,3,89.00,0.20,213.60,84.00,129.60
SO00157,2024-10-05,P017,R04,C0083,1,199.00,0.00,199.00,65.00,134.00
SO00411,2024-10-05,P012,R08,C0098,2,49.00,0.00,98.00,28.00,70.00
SO02159,2024-10-05,P016,R01,C0166,2,95.00,0.05,180.50,60.00,120.50
SO01094,2024-10-06,P018,R01,C0013,2,89.00,0.00,178.00,56.00,122.00
SO03397,2024-10-06,P013,R06,C0054,2,329.00,0.00,658.00,220.00,438.00
SO00099,2024-10-08,P005,R01,C0002,4,89.00,0.00,356.00,112.00,244.00
SO00499,2024-10-08,P006,R06,C0110,2,179.00,0.10,322.20,110.00,212.20
SO01268,2024-10-08,P006,R06,C0117,3,179.00,0.00,537.00,165.00,372.00
SO01368,2024-10-08,P008,R03,C0016,1,299.00,0.20,239.20,95.00,144.20
SO03745,2024-10-08,P018,R04,C0112,2,89.00,0.05,169.10,56.00,113.10
SO00023,2024-10-09,P002,R06,C0117,2,399.00,0.10,718.20,360.00,358.20
SO01020,2024-10-09,P011,R05,C0055,1,39.00,0.00,39.00,12.00,27.00
SO01863,2024-10-09,P003,R04,C0031,1,1199.00,0.10,1079.10,640.00,439.10
SO03540,2024-10-09,P010,R08,C0078,2,69.00,0.05,131.10,44.00,87.10
SO00039,2024-10-10,P008,R05,C0091,3,299.00,0.00,897.00,285.00,612.00
SO00338,2024-10-10,P020,R03,C0107,1,29.00,0.05,27.55,8.00,19.55
SO01984,2024-10-10,P019,R01,C0162,3,79.00,0.05,225.15,72.00,153.15
SO02473,2024-10-10,P017,R02,C0074,1,199.00,0.15,169.15,65.00,104.15
SO02517,2024-10-10,P002,R03,C0026,4,399.00,0.00,1596.00,720.00,876.00
SO02631,2024-10-10,P001,R07,C0141,5,699.00,0.05,3320.25,1600.00,1720.25
SO03297,2024-10-10,P002,R07,C0103,1,399.00,0.00,399.00,180.00,219.00
SO03370,2024-10-10,P014,R04,C0031,2,499.00,0.00,998.00,360.00,638.00
SO03398,2024-10-10,P015,R01,C0089,4,119.00,0.00,476.00,152.00,324.00
SO03400,2024-10-10,P014,R05,C0089,4,499.00,0.00,1996.00,720.00,1276.00
SO00406,2024-10-11,P007,R06,C0131,3,129.00,0.00,387.00,126.00,261.00
SO01072,2024-10-11,P020,R03,C0084,1,29.00,0.00,29.00,8.00,21.00
SO01172,2024-10-11,P008,R08,C0044,2,299.00,0.00,598.00,190.00,408.00
SO01630,2024-10-11,P009,R03,C0069,1,99.00,0.00,99.00,34.00,65.00
SO01715,2024-10-11,P009,R01,C0069,2,99.00,0.00,198.00,68.00,130.00
SO02751,2024-10-11,P009,R02,C0116,2,99.00,0.05,188.10,68.00,120.10
SO03359,2024-10-11,P012,R06,C0121,3,49.00,0.10,132.30,42.00,90.30
SO01158,2024-10-12,P005,R03,C0174,2,89.00,0.00,178.00,56.00,122.00
SO01809,2024-10-12,P002,R07,C0180,1,399.00,0.15,339.15,180.00,159.15
SO02587,2024-10-12,P001,R06,C0031,12,699.00,0.20,6710.40,3840.00,2870.40
SO00704,2024-10-13,P004,R08,C0142,8,1899.00,0.10,13672.80,7840.00,5832.80
SO01042,2024-10-13,P006,R05,C0120,3,179.00,0.15,456.45,165.00,291.45
SO01450,2024-10-13,P008,R08,C0127,1,299.00,0.05,284.05,95.00,189.05
SO02276,2024-10-13,P004,R06,C0137,3,1899.00,0.05,5412.15,2940.00,2472.15
SO03094,2024-10-13,P008,R01,C0016,1,299.00,0.00,299.00,95.00,204.00
SO03427,2024-10-13,P011,R06,C0155,2,39.00,0.10,70.20,24.00,46.20
SO00010,2024-10-14,P001,R02,C0147,2,699.00,0.10,1258.20,640.00,618.20
SO00370,2024-10-14,P019,R01,C0015,2,79.00,0.10,142.20,48.00,94.20
SO01469,2024-10-14,P017,R05,C0011,3,199.00,0.00,597.00,195.00,402.00
SO01925,2024-10-14,P020,R01,C0101,3,29.00,0.00,87.00,24.00,63.00
SO02151,2024-10-14,P005,R06,C0069,1,89.00,0.15,75.65,28.00,47.65
SO02572,2024-10-14,P014,R04,C0091,1,499.00,0.00,499.00,180.00,319.00
SO02584,2024-10-14,P007,R04,C0016,1,129.00,0.15,109.65,42.00,67.65
SO02980,2024-10-14,P019,R08,C0134,1,79.00,0.00,79.00,24.00,55.00
SO03050,2024-10-14,P002,R08,C0164,1,399.00,0.10,359.10,180.00,179.10
SO03779,2024-10-14,P010,R07,C0163,1,69.00,0.15,58.65,22.00,36.65
SO00564,2024-10-15,P015,R04,C0098,1,119.00,0.10,107.10,38.00,69.10
SO00761,2024-10-15,P012,R03,C0176,1,49.00,0.00,49.00,14.00,35.00
SO01038,2024-10-15,P005,R02,C0131,12,89.00,0.15,907.80,336.00,571.80
SO02609,2024-10-15,P002,R08,C0116,5,399.00,0.10,1795.50,900.00,895.50
SO02639,2024-10-15,P001,R05,C0027,3,699.00,0.00,2097.00,960.00,1137.00
SO03114,2024-10-15,P018,R01,C0021,2,89.00,0.10,160.20,56.00,104.20
SO00342,2024-10-16,P017,R04,C0018,1,199.00,0.00,199.00,65.00,134.00
SO00619,2024-10-16,P017,R01,C0023,1,199.00,0.05,189.05,65.00,124.05
SO00833,2024-10-16,P011,R08,C0093,8,39.00,0.00,312.00,96.00,216.00
SO01185,2024-10-16,P013,R06,C0103,3,329.00,0.10,888.30,330.00,558.30
SO01333,2024-10-16,P012,R06,C0180,1,49.00,0.00,49.00,14.00,35.00
SO02043,2024-10-16,P002,R04,C0065,1,399.00,0.00,399.00,180.00,219.00
SO02483,2024-10-16,P008,R02,C0054,2,299.00,0.05,568.10,190.00,378.10
SO02647,2024-10-16,P006,R06,C0097,5,179.00,0.10,805.50,275.00,530.50
SO03564,2024-10-16,P020,R08,C0133,1,29.00,0.05,27.55,8.00,19.55
SO03802,2024-10-16,P009,R08,C0097,1,99.00,0.05,94.05,34.00,60.05
SO00198,2024-10-17,P013,R04,C0080,5,329.00,0.10,1480.50,550.00,930.50
SO00202,2024-10-17,P011,R06,C0036,1,39.00,0.00,39.00,12.00,27.00
SO00675,2024-10-17,P008,R04,C0172,2,299.00,0.00,598.00,190.00,408.00
SO01951,2024-10-17,P020,R02,C0146,2,29.00,0.00,58.00,16.00,42.00
SO02239,2024-10-17,P018,R02,C0169,4,89.00,0.00,356.00,112.00,244.00
SO02683,2024-10-17,P002,R07,C0095,1,399.00,0.05,379.05,180.00,199.05
SO03034,2024-10-17,P017,R05,C0115,3,199.00,0.00,597.00,195.00,402.00
SO03629,2024-10-17,P017,R05,C0045,1,199.00,0.10,179.10,65.00,114.10
SO03711,2024-10-17,P020,R07,C0168,3,29.00,0.00,87.00,24.00,63.00
SO00005,2024-10-18,P016,R08,C0102,1,95.00,0.00,95.00,30.00,65.00
SO00275,2024-10-18,P011,R05,C0055,4,39.00,0.00,156.00,48.00,108.00
SO02416,2024-10-18,P020,R05,C0039,4,29.00,0.00,116.00,32.00,84.00
SO03369,2024-10-18,P016,R01,C0076,2,95.00,0.15,161.50,60.00,101.50
SO03543,2024-10-18,P003,R03,C0047,1,1199.00,0.15,1019.15,640.00,379.15
SO00155,2024-10-19,P013,R08,C0022,2,329.00,0.20,526.40,220.00,306.40
SO02700,2024-10-19,P011,R04,C0146,1,39.00,0.00,39.00,12.00,27.00
SO02812,2024-10-19,P017,R04,C0054,3,199.00,0.05,567.15,195.00,372.15
SO02832,2024-10-19,P006,R05,C0075,2,179.00,0.00,358.00,110.00,248.00
SO03220,2024-10-19,P010,R04,C0147,2,69.00,0.00,138.00,44.00,94.00
SO03990,2024-10-19,P009,R02,C0121,4,99.00,0.10,356.40,136.00,220.40
SO00637,2024-10-20,P008,R07,C0140,5,299.00,0.05,1420.25,475.00,945.25
SO00719,2024-10-20,P011,R01,C0156,5,39.00,0.15,165.75,60.00,105.75
SO01311,2024-10-20,P012,R03,C0151,2,49.00,0.00,98.00,28.00,70.00
SO02148,2024-10-20,P002,R01,C0062,1,399.00,0.00,399.00,180.00,219.00
SO03085,2024-10-20,P006,R06,C0168,3,179.00,0.05,510.15,165.00,345.15
SO03386,2024-10-20,P016,R01,C0080,2,95.00,0.00,190.00,60.00,130.00
SO00034,2024-10-21,P012,R07,C0069,2,49.00,0.00,98.00,28.00,70.00
SO00087,2024-10-21,P020,R08,C0159,4,29.00,0.10,104.40,32.00,72.40
SO00098,2024-10-21,P010,R08,C0045,2,69.00,0.00,138.00,44.00,94.00
SO01500,2024-10-21,P006,R02,C0097,1,179.00,0.05,170.05,55.00,115.05
SO01724,2024-10-21,P013,R01,C0058,1,329.00,0.00,329.00,110.00,219.00
SO02154,2024-10-21,P017,R06,C0013,2,199.00,0.00,398.00,130.00,268.00
SO02256,2024-10-21,P008,R08,C0166,1,299.00,0.00,299.00,95.00,204.00
SO03280,2024-10-21,P019,R01,C0057,5,79.00,0.05,375.25,120.00,255.25
SO03704,2024-10-21,P001,R03,C0155,1,699.00,0.00,699.00,320.00,379.00
SO00979,2024-10-22,P017,R06,C0133,1,199.00,0.15,169.15,65.00,104.15
SO01228,2024-10-22,P008,R05,C0168,2,299.00,0.00,598.00,190.00,408.00
SO03790,2024-10-22,P018,R04,C0164,1,89.00,0.00,89.00,28.00,61.00
SO01240,2024-10-23,P012,R04,C0138,3,49.00,0.10,132.30,42.00,90.30
SO01950,2024-10-23,P012,R05,C0012,1,49.00,0.15,41.65,14.00,27.65
SO02936,2024-10-23,P018,R04,C0121,2,89.00,0.15,151.30,56.00,95.30
SO03391,2024-10-23,P005,R06,C0069,2,89.00,0.00,178.00,56.00,122.00
SO03459,2024-10-23,P003,R08,C0146,2,1199.00,0.00,2398.00,1280.00,1118.00
SO03976,2024-10-23,P003,R03,C0016,1,1199.00,0.05,1139.05,640.00,499.05
SO00554,2024-10-24,P009,R06,C0090,1,99.00,0.00,99.00,34.00,65.00
SO01105,2024-10-24,P019,R06,C0031,2,79.00,0.00,158.00,48.00,110.00
SO01954,2024-10-24,P012,R05,C0149,1,49.00,0.00,49.00,14.00,35.00
SO02481,2024-10-24,P014,R04,C0040,1,499.00,0.15,424.15,180.00,244.15
SO02819,2024-10-24,P012,R01,C0090,1,49.00,0.00,49.00,14.00,35.00
SO02848,2024-10-24,P012,R07,C0180,4,49.00,0.05,186.20,56.00,130.20
SO03194,2024-10-24,P005,R05,C0153,3,89.00,0.00,267.00,84.00,183.00
SO03438,2024-10-24,P002,R02,C0174,2,399.00,0.20,638.40,360.00,278.40
SO03494,2024-10-24,P012,R06,C0134,1,49.00,0.05,46.55,14.00,32.55
SO03514,2024-10-24,P018,R07,C0032,1,89.00,0.00,89.00,28.00,61.00
SO03836,2024-10-24,P001,R08,C0127,1,699.00,0.00,699.00,320.00,379.00
SO00027,2024-10-25,P016,R05,C0176,3,95.00,0.00,285.00,90.00,195.00
SO00074,2024-10-25,P009,R03,C0137,2,99.00,0.00,198.00,68.00,130.00
SO00156,2024-10-25,P005,R02,C0028,1,89.00,0.00,89.00,28.00,61.00
SO00398,2024-10-25,P013,R06,C0065,3,329.00,0.00,987.00,330.00,657.00
SO00834,2024-10-25,P006,R05,C0005,1,179.00,0.00,179.00,55.00,124.00
SO00952,2024-10-25,P019,R04,C0039,2,79.00,0.15,134.30,48.00,86.30
SO01186,2024-10-25,P012,R04,C0024,1,49.00,0.00,49.00,14.00,35.00
SO02431,2024-10-25,P001,R04,C0032,4,699.00,0.00,2796.00,1280.00,1516.00
SO02715,2024-10-25,P015,R03,C0005,2,119.00,0.00,238.00,76.00,162.00
SO03687,2024-10-25,P013,R03,C0049,1,329.00,0.05,312.55,110.00,202.55
SO00164,2024-10-26,P015,R06,C0123,1,119.00,0.00,119.00,38.00,81.00
SO00414,2024-10-26,P014,R07,C0165,2,499.00,0.10,898.20,360.00,538.20
SO03917,2024-10-26,P009,R04,C0109,4,99.00,0.00,396.00,136.00,260.00
SO00224,2024-10-27,P013,R04,C0142,1,329.00,0.00,329.00,110.00,219.00
SO00460,2024-10-27,P017,R05,C0056,1,199.00,0.00,199.00,65.00,134.00
SO01178,2024-10-27,P019,R07,C0036,1,79.00,0.15,67.15,24.00,43.15
SO01597,2024-10-27,P014,R03,C0018,2,499.00,0.10,898.20,360.00,538.20
SO02189,2024-10-27,P001,R02,C0041,4,699.00,0.05,2656.20,1280.00,1376.20
SO02415,2024-10-27,P017,R02,C0090,1,199.00,0.10,179.10,65.00,114.10
SO03108,2024-10-27,P009,R01,C0124,1,99.00,0.05,94.05,34.00,60.05
SO03176,2024-10-27,P020,R06,C0173,2,29.00,0.10,52.20,16.00,36.20
SO03528,2024-10-27,P001,R01,C0052,8,699.00,0.15,4753.20,2560.00,2193.20
SO00232,2024-10-28,P016,R02,C0034,1,95.00,0.10,85.50,30.00,55.50
SO00718,2024-10-28,P003,R08,C0074,2,1199.00,0.05,2278.10,1280.00,998.10
SO00795,2024-10-28,P009,R07,C0039,1,99.00,0.00,99.00,34.00,65.00
SO00036,2024-10-29,P004,R08,C0052,1,1899.00,0.00,1899.00,980.00,919.00
SO01758,2024-10-29,P004,R07,C0110,8,1899.00,0.05,14432.40,7840.00,6592.40
SO03605,2024-10-29,P001,R07,C0123,3,699.00,0.05,1992.15,960.00,1032.15
SO00814,2024-10-30,P020,R04,C0090,1,29.00,0.05,27.55,8.00,19.55
SO01282,2024-10-30,P013,R08,C0180,2,329.00,0.00,658.00,220.00,438.00
SO01303,2024-10-30,P018,R08,C0156,2,89.00,0.05,169.10,56.00,113.10
SO02106,2024-10-30,P014,R06,C0014,2,499.00,0.10,898.20,360.00,538.20
SO02538,2024-10-30,P009,R08,C0165,2,99.00,0.00,198.00,68.00,130.00
SO00657,2024-10-31,P017,R02,C0179,1,199.00,0.10,179.10,65.00,114.10
SO01891,2024-10-31,P008,R04,C0133,1,299.00,0.00,299.00,95.00,204.00
SO02025,2024-10-31,P019,R02,C0169,1,79.00,0.00,79.00,24.00,55.00
SO02297,2024-10-31,P014,R08,C0169,1,499.00,0.15,424.15,180.00,244.15
SO02518,2024-10-31,P009,R03,C0075,4,99.00,0.05,376.20,136.00,240.20
SO01940,2024-11-01,P001,R04,C0153,1,699.00,0.00,699.00,320.00,379.00
SO02573,2024-11-01,P018,R07,C0022,2,89.00,0.05,169.10,56.00,113.10
SO02799,2024-11-01,P014,R03,C0037,1,499.00,0.00,499.00,180.00,319.00
SO03038,2024-11-01,P018,R01,C0061,2,89.00,0.00,178.00,56.00,122.00
SO03201,2024-11-01,P010,R05,C0078,3,69.00,0.00,207.00,66.00,141.00
SO03413,2024-11-01,P013,R01,C0029,1,329.00,0.00,329.00,110.00,219.00
SO03907,2024-11-01,P005,R08,C0001,2,89.00,0.00,178.00,56.00,122.00
SO01643,2024-11-02,P020,R06,C0011,4,29.00,0.05,110.20,32.00,78.20
SO02990,2024-11-02,P005,R01,C0167,2,89.00,0.05,169.10,56.00,113.10
SO03168,2024-11-02,P018,R04,C0052,2,89.00,0.00,178.00,56.00,122.00
SO03619,2024-11-02,P002,R07,C0160,1,399.00,0.00,399.00,180.00,219.00
SO03909,2024-11-02,P008,R07,C0170,4,299.00,0.00,1196.00,380.00,816.00
SO01006,2024-11-03,P005,R07,C0176,1,89.00,0.15,75.65,28.00,47.65
SO01251,2024-11-03,P016,R07,C0166,3,95.00,0.10,256.50,90.00,166.50
SO01287,2024-11-03,P010,R06,C0109,2,69.00,0.00,138.00,44.00,94.00
SO01377,2024-11-03,P015,R01,C0103,4,119.00,0.05,452.20,152.00,300.20
SO01503,2024-11-03,P020,R06,C0162,1,29.00,0.10,26.10,8.00,18.10
SO02475,2024-11-03,P013,R07,C0071,2,329.00,0.00,658.00,220.00,438.00
SO02719,2024-11-03,P016,R06,C0154,3,95.00,0.00,285.00,90.00,195.00
SO03446,2024-11-03,P017,R01,C0055,3,199.00,0.00,597.00,195.00,402.00
SO03458,2024-11-03,P001,R03,C0039,1,699.00,0.00,699.00,320.00,379.00
SO00032,2024-11-04,P019,R02,C0022,3,79.00,0.20,189.60,72.00,117.60
SO00050,2024-11-04,P005,R05,C0023,2,89.00,0.00,178.00,56.00,122.00
SO00965,2024-11-04,P010,R06,C0086,3,69.00,0.10,186.30,66.00,120.30
SO01842,2024-11-04,P002,R05,C0019,2,399.00,0.10,718.20,360.00,358.20
SO01958,2024-11-04,P012,R08,C0082,5,49.00,0.00,245.00,70.00,175.00
SO02763,2024-11-04,P006,R04,C0113,5,179.00,0.05,850.25,275.00,575.25
SO03232,2024-11-04,P010,R04,C0094,1,69.00,0.00,69.00,22.00,47.00
SO00218,2024-11-05,P019,R04,C0131,2,79.00,0.00,158.00,48.00,110.00
SO01065,2024-11-05,P013,R03,C0024,5,329.00,0.10,1480.50,550.00,930.50
SO01495,2024-11-05,P004,R02,C0158,4,1899.00,0.15,6456.60,3920.00,2536.60
SO01682,2024-11-05,P015,R03,C0105,1,119.00,0.10,107.10,38.00,69.10
SO01857,2024-11-05,P008,R05,C0118,4,299.00,0.00,1196.00,380.00,816.00
SO02389,2024-11-05,P003,R07,C0131,2,1199.00,0.10,2158.20,1280.00,878.20
SO02973,2024-11-05,P006,R01,C0025,8,179.00,0.00,1432.00,440.00,992.00
SO03739,2024-11-05,P009,R05,C0035,1,99.00,0.00,99.00,34.00,65.00
SO03775,2024-11-05,P005,R03,C0044,2,89.00,0.00,178.00,56.00,122.00
SO00928,2024-11-06,P020,R02,C0028,1,29.00,0.05,27.55,8.00,19.55
SO01434,2024-11-06,P011,R01,C0018,1,39.00,0.05,37.05,12.00,25.05
SO01589,2024-11-06,P019,R04,C0097,1,79.00,0.00,79.00,24.00,55.00
SO02435,2024-11-06,P012,R06,C0180,5,49.00,0.05,232.75,70.00,162.75
SO02920,2024-11-06,P006,R07,C0049,2,179.00,0.00,358.00,110.00,248.00
SO03487,2024-11-06,P009,R02,C0180,2,99.00,0.05,188.10,68.00,120.10
SO03738,2024-11-06,P018,R07,C0084,2,89.00,0.20,142.40,56.00,86.40
SO01425,2024-11-07,P001,R04,C0115,4,699.00,0.00,2796.00,1280.00,1516.00
SO01981,2024-11-07,P003,R01,C0066,5,1199.00,0.05,5695.25,3200.00,2495.25
SO02344,2024-11-07,P014,R03,C0037,1,499.00,0.00,499.00,180.00,319.00
SO02554,2024-11-07,P014,R08,C0087,2,499.00,0.00,998.00,360.00,638.00
SO02667,2024-11-07,P018,R04,C0076,2,89.00,0.00,178.00,56.00,122.00
SO02942,2024-11-07,P001,R06,C0101,1,699.00,0.20,559.20,320.00,239.20
SO02993,2024-11-07,P013,R07,C0019,1,329.00,0.10,296.10,110.00,186.10
SO03974,2024-11-07,P010,R03,C0169,2,69.00,0.00,138.00,44.00,94.00
SO01281,2024-11-08,P013,R03,C0071,3,329.00,0.00,987.00,330.00,657.00
SO01533,2024-11-08,P012,R07,C0152,4,49.00,0.00,196.00,56.00,140.00
SO01748,2024-11-08,P017,R03,C0145,1,199.00,0.00,199.00,65.00,134.00
SO00298,2024-11-09,P016,R07,C0103,2,95.00,0.00,190.00,60.00,130.00
SO01087,2024-11-09,P013,R07,C0072,2,329.00,0.10,592.20,220.00,372.20
SO01720,2024-11-09,P020,R05,C0163,1,29.00,0.05,27.55,8.00,19.55
SO02046,2024-11-09,P007,R03,C0024,4,129.00,0.00,516.00,168.00,348.00
SO00326,2024-11-10,P019,R02,C0100,2,79.00,0.15,134.30,48.00,86.30
SO01654,2024-11-10,P008,R07,C0025,1,299.00,0.05,284.05,95.00,189.05
SO02412,2024-11-10,P001,R03,C0107,5,699.00,0.20,2796.00,1600.00,1196.00
SO02458,2024-11-10,P011,R02,C0155,2,39.00,0.00,78.00,24.00,54.00
SO00435,2024-11-11,P014,R01,C0106,12,499.00,0.00,5988.00,2160.00,3828.00
SO01738,2024-11-11,P003,R05,C0123,1,1199.00,0.00,1199.00,640.00,559.00
SO02741,2024-11-11,P020,R02,C0041,5,29.00,0.00,145.00,40.00,105.00
SO03097,2024-11-11,P014,R02,C0165,1,499.00,0.10,449.10,180.00,269.10
SO03935,2024-11-11,P010,R05,C0091,2,69.00,0.00,138.00,44.00,94.00
SO00507,2024-11-12,P017,R04,C0134,1,199.00,0.00,199.00,65.00,134.00
SO01288,2024-11-12,P001,R06,C0128,2,699.00,0.00,1398.00,640.00,758.00
SO01537,2024-11-12,P011,R02,C0060,1,39.00,0.10,35.10,12.00,23.10
SO01739,2024-11-12,P019,R04,C0017,1,79.00,0.00,79.00,24.00,55.00
SO01960,2024-11-12,P010,R06,C0014,5,69.00,0.20,276.00,110.00,166.00
SO02015,2024-11-12,P013,R07,C0113,1,329.00,0.00,329.00,110.00,219.00
SO02180,2024-11-12,P012,R06,C0017,3,49.00,0.00,147.00,42.00,105.00
SO03022,2024-11-12,P001,R01,C0099,3,699.00,0.00,2097.00,960.00,1137.00
SO00016,2024-11-13,P018,R01,C0007,1,89.00,0.05,84.55,28.00,56.55
SO01145,2024-11-13,P001,R07,C0163,3,699.00,0.15,1782.45,960.00,822.45
SO01987,2024-11-13,P013,R07,C0160,2,329.00,0.00,658.00,220.00,438.00
SO02173,2024-11-13,P005,R05,C0129,2,89.00,0.00,178.00,56.00,122.00
SO02429,2024-11-13,P010,R01,C0153,1,69.00,0.00,69.00,22.00,47.00
SO02566,2024-11-13,P015,R07,C0102,12,119.00,0.00,1428.00,456.00,972.00
SO03126,2024-11-13,P016,R01,C0043,4,95.00,0.00,380.00,120.00,260.00
SO03663,2024-11-13,P018,R05,C0141,3,89.00,0.10,240.30,84.00,156.30
SO00567,2024-11-14,P006,R07,C0112,2,179.00,0.00,358.00,110.00,248.00
SO01421,2024-11-14,P003,R02,C0035,2,1199.00,0.05,2278.10,1280.00,998.10
SO02139,2024-11-14,P020,R05,C0068,1,29.00,0.10,26.10,8.00,18.10
SO02632,2024-11-14,P018,R07,C0068,1,89.00,0.10,80.10,28.00,52.10
SO03040,2024-11-14,P016,R07,C0047,1,95.00,0.05,90.25,30.00,60.25
SO03805,2024-11-14,P015,R06,C0056,2,119.00,0.05,226.10,76.00,150.10
SO01527,2024-11-15,P013,R07,C0061,2,329.00,0.00,658.00,220.00,438.00
SO02590,2024-11-15,P015,R05,C0178,2,119.00,0.00,238.00,76.00,162.00
SO02788,2024-11-15,P001,R01,C0147,1,699.00,0.00,699.00,320.00,379.00
SO03270,2024-11-15,P011,R05,C0083,1,39.00,0.00,39.00,12.00,27.00
SO03354,2024-11-15,P008,R04,C0111,5,299.00,0.00,1495.00,475.00,1020.00
SO03737,2024-11-15,P001,R04,C0087,4,699.00,0.15,2376.60,1280.00,1096.60
SO00353,2024-11-16,P010,R05,C0125,5,69.00,0.00,345.00,110.00,235.00
SO01250,2024-11-16,P015,R07,C0057,2,119.00,0.20,190.40,76.00,114.40
SO01330,2024-11-16,P012,R07,C0148,3,49.00,0.00,147.00,42.00,105.00
SO01780,2024-11-16,P018,R07,C0094,4,89.00,0.10,320.40,112.00,208.40
SO02395,2024-11-16,P007,R01,C0112,2,129.00,0.00,258.00,84.00,174.00
SO02898,2024-11-16,P012,R05,C0030,1,49.00,0.20,39.20,14.00,25.20
SO03155,2024-11-16,P020,R08,C0137,2,29.00,0.05,55.10,16.00,39.10
SO00720,2024-11-17,P007,R06,C0029,1,129.00,0.00,129.00,42.00,87.00
SO01487,2024-11-17,P017,R07,C0144,3,199.00,0.05,567.15,195.00,372.15
SO01591,2024-11-17,P011,R01,C0111,3,39.00,0.05,111.15,36.00,75.15
SO01869,2024-11-17,P015,R07,C0039,4,119.00,0.15,404.60,152.00,252.60
SO01905,2024-11-17,P019,R07,C0015,2,79.00,0.05,150.10,48.00,102.10
SO02045,2024-11-17,P017,R05,C0024,1,199.00,0.10,179.10,65.00,114.10
SO02994,2024-11-17,P010,R06,C0062,4,69.00,0.10,248.40,88.00,160.40
SO03035,2024-11-17,P001,R04,C0070,4,699.00,0.15,2376.60,1280.00,1096.60
SO00214,2024-11-18,P012,R04,C0157,1,49.00,0.00,49.00,14.00,35.00
SO00428,2024-11-18,P019,R02,C0037,1,79.00,0.00,79.00,24.00,55.00
SO01457,2024-11-18,P012,R06,C0146,3,49.00,0.00,147.00,42.00,105.00
SO02161,2024-11-18,P020,R07,C0151,8,29.00,0.00,232.00,64.00,168.00
SO02348,2024-11-18,P018,R08,C0147,12,89.00,0.05,1014.60,336.00,678.60
SO02974,2024-11-18,P013,R02,C0160,1,329.00,0.00,329.00,110.00,219.00
SO03096,2024-11-18,P013,R06,C0075,4,329.00,0.10,1184.40,440.00,744.40
SO03144,2024-11-18,P016,R05,C0155,1,95.00,0.10,85.50,30.00,55.50
SO03572,2024-11-18,P009,R04,C0014,2,99.00,0.00,198.00,68.00,130.00
SO00012,2024-11-19,P009,R04,C0061,1,99.00,0.05,94.05,34.00,60.05
SO00966,2024-11-19,P020,R08,C0157,2,29.00,0.00,58.00,16.00,42.00
SO02037,2024-11-19,P008,R05,C0125,1,299.00,0.15,254.15,95.00,159.15
SO02491,2024-11-19,P020,R06,C0121,2,29.00,0.00,58.00,16.00,42.00
SO02906,2024-11-19,P010,R04,C0022,1,69.00,0.05,65.55,22.00,43.55
SO03926,2024-11-19,P017,R06,C0084,1,199.00,0.05,189.05,65.00,124.05
SO01704,2024-11-20,P009,R08,C0106,2,99.00,0.00,198.00,68.00,130.00
SO01777,2024-11-20,P001,R02,C0033,1,699.00,0.00,699.00,320.00,379.00
SO01853,2024-11-20,P018,R04,C0039,2,89.00,0.05,169.10,56.00,113.10
SO02191,2024-11-20,P017,R03,C0079,1,199.00,0.00,199.00,65.00,134.00
SO03310,2024-11-20,P011,R01,C0046,2,39.00,0.15,66.30,24.00,42.30
SO03431,2024-11-20,P015,R08,C0109,1,119.00,0.20,95.20,38.00,57.20
SO00333,2024-11-21,P015,R02,C0087,1,119.00,0.10,107.10,38.00,69.10
SO00726,2024-11-21,P002,R07,C0005,1,399.00,0.10,359.10,180.00,179.10
SO01619,2024-11-21,P005,R02,C0104,1,89.00,0.20,71.20,28.00,43.20
SO02436,2024-11-21,P009,R06,C0172,4,99.00,0.05,376.20,136.00,240.20
SO02459,2024-11-21,P012,R02,C0036,1,49.00,0.05,46.55,14.00,32.55
SO03396,2024-11-21,P020,R07,C0138,3,29.00,0.10,78.30,24.00,54.30
SO03621,2024-11-21,P017,R06,C0167,3,199.00,0.00,597.00,195.00,402.00
SO00983,2024-11-22,P004,R01,C0158,1,1899.00,0.00,1899.00,980.00,919.00
SO01081,2024-11-22,P006,R07,C0073,1,179.00,0.05,170.05,55.00,115.05
SO01175,2024-11-22,P010,R01,C0154,5,69.00,0.00,345.00,110.00,235.00
SO01681,2024-11-22,P013,R05,C0138,1,329.00,0.10,296.10,110.00,186.10
SO02417,2024-11-22,P001,R02,C0093,1,699.00,0.00,699.00,320.00,379.00
SO03109,2024-11-22,P002,R07,C0001,3,399.00,0.10,1077.30,540.00,537.30
SO03688,2024-11-22,P018,R07,C0060,1,89.00,0.00,89.00,28.00,61.00
SO03803,2024-11-22,P018,R04,C0123,3,89.00,0.00,267.00,84.00,183.00
SO00183,2024-11-23,P019,R05,C0173,5,79.00,0.00,395.00,120.00,275.00
SO00821,2024-11-23,P011,R03,C0068,1,39.00,0.10,35.10,12.00,23.10
SO01526,2024-11-23,P005,R04,C0169,3,89.00,0.10,240.30,84.00,156.30
SO01694,2024-11-23,P005,R07,C0118,5,89.00,0.20,356.00,140.00,216.00
SO02081,2024-11-23,P013,R01,C0090,1,329.00,0.10,296.10,110.00,186.10
SO00185,2024-11-24,P019,R03,C0102,1,79.00,0.05,75.05,24.00,51.05
SO00208,2024-11-24,P013,R08,C0138,4,329.00,0.00,1316.00,440.00,876.00
SO00684,2024-11-24,P001,R01,C0042,1,699.00,0.20,559.20,320.00,239.20
SO00924,2024-11-24,P013,R04,C0012,3,329.00,0.10,888.30,330.00,558.30
SO03331,2024-11-24,P019,R05,C0130,8,79.00,0.05,600.40,192.00,408.40
SO02635,2024-11-25,P010,R06,C0080,1,69.00,0.00,69.00,22.00,47.00
SO02654,2024-11-25,P016,R07,C0113,2,95.00,0.00,190.00,60.00,130.00
SO02855,2024-11-25,P009,R08,C0172,1,99.00,0.15,84.15,34.00,50.15
SO03075,2024-11-25,P001,R04,C0051,3,699.00,0.00,2097.00,960.00,1137.00
SO03513,2024-11-25,P009,R05,C0077,1,99.00,0.00,99.00,34.00,65.00
SO03535,2024-11-25,P014,R01,C0136,1,499.00,0.00,499.00,180.00,319.00
SO03975,2024-11-25,P020,R07,C0080,4,29.00,0.10,104.40,32.00,72.40
SO00160,2024-11-26,P005,R05,C0091,2,89.00,0.00,178.00,56.00,122.00
SO00886,2024-11-26,P015,R02,C0121,5,119.00,0.20,476.00,190.00,286.00
SO01393,2024-11-26,P002,R07,C0007,1,399.00,0.05,379.05,180.00,199.05
SO01477,2024-11-26,P016,R01,C0042,2,95.00,0.05,180.50,60.00,120.50
SO01603,2024-11-26,P007,R03,C0015,3,129.00,0.05,367.65,126.00,241.65
SO02103,2024-11-26,P005,R07,C0094,1,89.00,0.00,89.00,28.00,61.00
SO02315,2024-11-26,P019,R04,C0160,4,79.00,0.00,316.00,96.00,220.00
SO02469,2024-11-26,P013,R02,C0179,2,329.00,0.10,592.20,220.00,372.20
SO02764,2024-11-26,P016,R06,C0034,2,95.00,0.10,171.00,60.00,111.00
SO03002,2024-11-26,P004,R02,C0008,8,1899.00,0.00,15192.00,7840.00,7352.00
SO03424,2024-11-26,P015,R02,C0083,4,119.00,0.00,476.00,152.00,324.00
SO03698,2024-11-26,P013,R05,C0112,1,329.00,0.10,296.10,110.00,186.10
SO00517,2024-11-27,P002,R02,C0170,1,399.00,0.00,399.00,180.00,219.00
SO00841,2024-11-27,P019,R03,C0116,5,79.00,0.20,316.00,120.00,196.00
SO01341,2024-11-27,P001,R06,C0173,1,699.00,0.10,629.10,320.00,309.10
SO01942,2024-11-27,P017,R01,C0018,1,199.00,0.00,199.00,65.00,134.00
SO02201,2024-11-27,P002,R03,C0005,8,399.00,0.05,3032.40,1440.00,1592.40
SO02498,2024-11-27,P011,R02,C0146,2,39.00,0.10,70.20,24.00,46.20
SO02680,2024-11-27,P016,R04,C0022,1,95.00,0.10,85.50,30.00,55.50
SO02697,2024-11-27,P016,R06,C0144,1,95.00,0.05,90.25,30.00,60.25
SO02975,2024-11-27,P019,R06,C0129,3,79.00,0.10,213.30,72.00,141.30
SO00612,2024-11-28,P017,R02,C0160,1,199.00,0.00,199.00,65.00,134.00
SO00751,2024-11-28,P008,R03,C0123,4,299.00,0.00,1196.00,380.00,816.00
SO00765,2024-11-28,P009,R05,C0125,1,99.00,0.10,89.10,34.00,55.10
SO00932,2024-11-28,P018,R05,C0120,1,89.00,0.05,84.55,28.00,56.55
SO01406,2024-11-28,P008,R05,C0023,2,299.00,0.00,598.00,190.00,408.00
SO01994,2024-11-28,P013,R03,C0068,2,329.00,0.00,658.00,220.00,438.00
SO00021,2024-11-29,P016,R05,C0091,1,95.00,0.05,90.25,30.00,60.25
SO00121,2024-11-29,P016,R08,C0061,1,95.00,0.10,85.50,30.00,55.50
SO01177,2024-11-29,P005,R03,C0008,1,89.00,0.20,71.20,28.00,43.20
SO03686,2024-11-29,P017,R04,C0058,1,199.00,0.10,179.10,65.00,114.10
SO03952,2024-11-29,P013,R06,C0152,1,329.00,0.00,329.00,110.00,219.00
SO03956,2024-11-29,P017,R04,C0032,2,199.00,0.15,338.30,130.00,208.30
SO00314,2024-11-30,P010,R03,C0069,2,69.00,0.00,138.00,44.00,94.00
SO00653,2024-11-30,P011,R01,C0009,12,39.00,0.05,444.60,144.00,300.60
SO01222,2024-11-30,P018,R02,C0067,2,89.00,0.00,178.00,56.00,122.00
SO01955,2024-11-30,P019,R07,C0022,1,79.00,0.05,75.05,24.00,51.05
SO03042,2024-11-30,P011,R02,C0142,4,39.00,0.05,148.20,48.00,100.20
SO03296,2024-11-30,P001,R03,C0094,3,699.00,0.00,2097.00,960.00,1137.00
SO03378,2024-11-30,P001,R05,C0066,4,699.00,0.05,2656.20,1280.00,1376.20
SO03996,2024-11-30,P010,R04,C0163,2,69.00,0.00,138.00,44.00,94.00
SO00351,2024-12-01,P016,R04,C0035,1,95.00,0.00,95.00,30.00,65.00
SO01233,2024-12-01,P002,R05,C0089,1,399.00,0.05,379.05,180.00,199.05
SO01455,2024-12-01,P013,R06,C0050,1,329.00,0.00,329.00,110.00,219.00
SO02386,2024-12-01,P017,R02,C0032,1,199.00,0.10,179.10,65.00,114.10
SO02728,2024-12-01,P005,R03,C0115,2,89.00,0.15,151.30,56.00,95.30
SO03491,2024-12-01,P004,R07,C0159,3,1899.00,0.05,5412.15,2940.00,2472.15
SO03981,2024-12-01,P015,R02,C0048,5,119.00,0.00,595.00,190.00,405.00
SO00513,2024-12-02,P018,R04,C0075,3,89.00,0.00,267.00,84.00,183.00
SO00673,2024-12-02,P012,R07,C0094,4,49.00,0.00,196.00,56.00,140.00
SO00694,2024-12-02,P012,R06,C0044,2,49.00,0.00,98.00,28.00,70.00
SO01055,2024-12-02,P010,R06,C0162,1,69.00,0.00,69.00,22.00,47.00
SO03463,2024-12-02,P009,R06,C0137,1,99.00,0.00,99.00,34.00,65.00
SO03759,2024-12-02,P010,R05,C0015,2,69.00,0.10,124.20,44.00,80.20
SO03944,2024-12-02,P010,R06,C0090,5,69.00,0.20,276.00,110.00,166.00
SO00037,2024-12-03,P011,R05,C0013,1,39.00,0.00,39.00,12.00,27.00
SO00432,2024-12-03,P004,R01,C0149,1,1899.00,0.00,1899.00,980.00,919.00
SO00782,2024-12-03,P007,R08,C0125,1,129.00,0.00,129.00,42.00,87.00
SO01592,2024-12-03,P004,R02,C0102,2,1899.00,0.00,3798.00,1960.00,1838.00
SO02402,2024-12-03,P012,R03,C0164,2,49.00,0.00,98.00,28.00,70.00
SO02992,2024-12-03,P007,R02,C0082,12,129.00,0.00,1548.00,504.00,1044.00
SO03994,2024-12-03,P007,R07,C0151,1,129.00,0.05,122.55,42.00,80.55
SO00111,2024-12-04,P018,R03,C0173,4,89.00,0.00,356.00,112.00,244.00
SO00400,2024-12-04,P016,R01,C0180,1,95.00,0.00,95.00,30.00,65.00
SO00494,2024-12-04,P008,R02,C0004,1,299.00,0.00,299.00,95.00,204.00
SO00982,2024-12-04,P014,R04,C0025,5,499.00,0.05,2370.25,900.00,1470.25
SO03162,2024-12-04,P017,R07,C0032,2,199.00,0.00,398.00,130.00,268.00
SO03283,2024-12-04,P019,R02,C0147,1,79.00,0.00,79.00,24.00,55.00
SO03442,2024-12-04,P007,R05,C0108,2,129.00,0.20,206.40,84.00,122.40
SO03756,2024-12-04,P013,R06,C0016,1,329.00,0.05,312.55,110.00,202.55
SO03811,2024-12-04,P011,R03,C0166,4,39.00,0.05,148.20,48.00,100.20
SO00234,2024-12-05,P012,R01,C0025,1,49.00,0.00,49.00,14.00,35.00
SO01086,2024-12-05,P015,R05,C0167,3,119.00,0.05,339.15,114.00,225.15
SO01312,2024-12-05,P014,R04,C0134,4,499.00,0.00,1996.00,720.00,1276.00
SO01398,2024-12-05,P018,R02,C0059,3,89.00,0.00,267.00,84.00,183.00
SO01420,2024-12-05,P012,R06,C0049,2,49.00,0.05,93.10,28.00,65.10
SO01890,2024-12-05,P008,R06,C0087,2,299.00,0.00,598.00,190.00,408.00
SO02678,2024-12-05,P007,R07,C0008,2,129.00,0.00,258.00,84.00,174.00
SO03105,2024-12-05,P018,R06,C0178,2,89.00,0.00,178.00,56.00,122.00
SO03375,2024-12-05,P010,R01,C0137,1,69.00,0.05,65.55,22.00,43.55
SO03577,2024-12-05,P020,R08,C0067,1,29.00,0.00,29.00,8.00,21.00
SO01070,2024-12-06,P002,R06,C0152,1,399.00,0.00,399.00,180.00,219.00
SO02553,2024-12-06,P005,R08,C0162,3,89.00,0.00,267.00,84.00,183.00
SO02729,2024-12-06,P020,R05,C0023,2,29.00,0.00,58.00,16.00,42.00
SO02972,2024-12-06,P015,R03,C0056,3,119.00,0.00,357.00,114.00,243.00
SO03962,2024-12-06,P007,R05,C0104,1,129.00,0.00,129.00,42.00,87.00
SO00677,2024-12-07,P013,R07,C0035,2,329.00,0.00,658.00,220.00,438.00
SO01476,2024-12-07,P011,R08,C0015,2,39.00,0.05,74.10,24.00,50.10
SO01716,2024-12-07,P019,R07,C0003,3,79.00,0.05,225.15,72.00,153.15
SO01832,2024-12-07,P006,R07,C0116,4,179.00,0.10,644.40,220.00,424.40
SO02499,2024-12-07,P012,R01,C0075,1,49.00,0.00,49.00,14.00,35.00
SO03437,2024-12-07,P010,R04,C0136,1,69.00,0.05,65.55,22.00,43.55
SO03982,2024-12-07,P009,R01,C0141,3,99.00,0.00,297.00,102.00,195.00
SO00877,2024-12-08,P020,R02,C0126,5,29.00,0.20,116.00,40.00,76.00
SO00936,2024-12-08,P011,R05,C0058,4,39.00,0.05,148.20,48.00,100.20
SO01466,2024-12-08,P004,R07,C0078,1,1899.00,0.10,1709.10,980.00,729.10
SO01650,2024-12-08,P003,R06,C0013,2,1199.00,0.10,2158.20,1280.00,878.20
SO03574,2024-12-08,P016,R08,C0084,1,95.00,0.00,95.00,30.00,65.00
SO03878,2024-12-08,P014,R06,C0149,2,499.00,0.05,948.10,360.00,588.10
SO00823,2024-12-09,P020,R01,C0103,1,29.00,0.10,26.10,8.00,18.10
SO01858,2024-12-09,P002,R07,C0147,3,399.00,0.00,1197.00,540.00,657.00
SO01904,2024-12-09,P001,R07,C0114,2,699.00,0.15,1188.30,640.00,548.30
SO02040,2024-12-09,P012,R05,C0082,1,49.00,0.00,49.00,14.00,35.00
SO02868,2024-12-09,P018,R08,C0048,1,89.00,0.00,89.00,28.00,61.00
SO00002,2024-12-10,P013,R01,C0001,2,329.00,0.00,658.00,220.00,438.00
SO00267,2024-12-10,P015,R04,C0025,2,119.00,0.00,238.00,76.00,162.00
SO00997,2024-12-10,P014,R07,C0049,1,499.00,0.00,499.00,180.00,319.00
SO02563,2024-12-10,P004,R08,C0008,2,1899.00,0.05,3608.10,1960.00,1648.10
SO02577,2024-12-10,P015,R04,C0092,2,119.00,0.00,238.00,76.00,162.00
SO03901,2024-12-10,P020,R01,C0116,4,29.00,0.05,110.20,32.00,78.20
SO00166,2024-12-11,P020,R04,C0096,2,29.00,0.20,46.40,16.00,30.40
SO00527,2024-12-11,P016,R02,C0086,2,95.00,0.10,171.00,60.00,111.00
SO00863,2024-12-11,P015,R06,C0101,1,119.00,0.20,95.20,38.00,57.20
SO01019,2024-12-11,P019,R06,C0042,1,79.00,0.10,71.10,24.00,47.10
SO01474,2024-12-11,P019,R08,C0150,1,79.00,0.00,79.00,24.00,55.00
SO01893,2024-12-11,P018,R05,C0043,12,89.00,0.00,1068.00,336.00,732.00
SO02058,2024-12-11,P015,R01,C0144,1,119.00,0.00,119.00,38.00,81.00
SO02073,2024-12-11,P014,R07,C0180,2,499.00,0.05,948.10,360.00,588.10
SO00347,2024-12-12,P007,R08,C0096,4,129.00,0.00,516.00,168.00,348.00
SO01538,2024-12-12,P002,R04,C0137,1,399.00,0.00,399.00,180.00,219.00
SO01828,2024-12-12,P002,R06,C0001,2,399.00,0.00,798.00,360.00,438.00
SO02780,2024-12-12,P009,R05,C0032,2,99.00,0.20,158.40,68.00,90.40
SO03106,2024-12-12,P015,R08,C0099,3,119.00,0.10,321.30,114.00,207.30
SO03347,2024-12-12,P009,R05,C0092,1,99.00,0.05,94.05,34.00,60.05
SO03417,2024-12-12,P015,R04,C0056,2,119.00,0.00,238.00,76.00,162.00
SO03568,2024-12-12,P007,R07,C0125,12,129.00,0.15,1315.80,504.00,811.80
SO03590,2024-12-12,P002,R01,C0009,1,399.00,0.20,319.20,180.00,139.20
SO03723,2024-12-12,P004,R01,C0066,2,1899.00,0.15,3228.30,1960.00,1268.30
SO03801,2024-12-12,P018,R05,C0134,1,89.00,0.05,84.55,28.00,56.55
SO03821,2024-12-12,P014,R02,C0140,3,499.00,0.00,1497.00,540.00,957.00
SO00379,2024-12-13,P018,R04,C0153,3,89.00,0.00,267.00,84.00,183.00
SO00563,2024-12-13,P002,R04,C0171,1,399.00,0.00,399.00,180.00,219.00
SO00969,2024-12-13,P020,R02,C0162,2,29.00,0.05,55.10,16.00,39.10
SO01244,2024-12-13,P007,R07,C0144,2,129.00,0.05,245.10,84.00,161.10
SO01601,2024-12-13,P012,R02,C0125,1,49.00,0.00,49.00,14.00,35.00
SO02533,2024-12-13,P014,R07,C0172,2,499.00,0.05,948.10,360.00,588.10
SO02561,2024-12-13,P004,R02,C0009,1,1899.00,0.05,1804.05,980.00,824.05
SO02802,2024-12-13,P016,R07,C0155,12,95.00,0.00,1140.00,360.00,780.00
SO02813,2024-12-13,P005,R05,C0136,1,89.00,0.00,89.00,28.00,61.00
SO03460,2024-12-13,P012,R05,C0168,2,49.00,0.10,88.20,28.00,60.20
SO00105,2024-12-14,P017,R07,C0069,3,199.00,0.00,597.00,195.00,402.00
SO00115,2024-12-14,P012,R05,C0007,4,49.00,0.00,196.00,56.00,140.00
SO00307,2024-12-14,P013,R06,C0099,1,329.00,0.15,279.65,110.00,169.65
SO00438,2024-12-14,P003,R06,C0064,1,1199.00,0.00,1199.00,640.00,559.00
SO00940,2024-12-14,P010,R06,C0104,1,69.00,0.00,69.00,22.00,47.00
SO01334,2024-12-14,P015,R08,C0044,2,119.00,0.00,238.00,76.00,162.00
SO01820,2024-12-14,P001,R07,C0016,1,699.00,0.15,594.15,320.00,274.15
SO02514,2024-12-14,P020,R01,C0030,1,29.00,0.00,29.00,8.00,21.00
SO02805,2024-12-14,P013,R05,C0030,3,329.00,0.10,888.30,330.00,558.30
SO02924,2024-12-14,P011,R05,C0092,1,39.00,0.00,39.00,12.00,27.00
SO03490,2024-12-14,P001,R04,C0021,3,699.00,0.00,2097.00,960.00,1137.00
SO00088,2024-12-15,P015,R03,C0135,1,119.00,0.05,113.05,38.00,75.05
SO00959,2024-12-15,P019,R07,C0144,4,79.00,0.10,284.40,96.00,188.40
SO02589,2024-12-15,P008,R05,C0148,1,299.00,0.05,284.05,95.00,189.05
SO02653,2024-12-15,P007,R08,C0020,1,129.00,0.00,129.00,42.00,87.00
SO02940,2024-12-15,P001,R01,C0072,2,699.00,0.00,1398.00,640.00,758.00
SO03866,2024-12-15,P019,R07,C0161,5,79.00,0.15,335.75,120.00,215.75
SO01227,2024-12-16,P003,R03,C0051,1,1199.00,0.00,1199.00,640.00,559.00
SO01426,2024-12-16,P015,R08,C0041,5,119.00,0.00,595.00,190.00,405.00
SO01544,2024-12-16,P011,R07,C0015,4,39.00,0.05,148.20,48.00,100.20
SO01822,2024-12-16,P014,R08,C0089,3,499.00,0.00,1497.00,540.00,957.00
SO02485,2024-12-16,P017,R06,C0028,2,199.00,0.05,378.10,130.00,248.10
SO02574,2024-12-16,P019,R06,C0059,1,79.00,0.05,75.05,24.00,51.05
SO02706,2024-12-16,P009,R02,C0013,3,99.00,0.00,297.00,102.00,195.00
SO02745,2024-12-16,P011,R06,C0106,1,39.00,0.00,39.00,12.00,27.00
SO02893,2024-12-16,P005,R05,C0078,2,89.00,0.00,178.00,56.00,122.00
SO03434,2024-12-16,P010,R08,C0143,3,69.00,0.15,175.95,66.00,109.95
SO03754,2024-12-16,P018,R06,C0053,2,89.00,0.05,169.10,56.00,113.10
SO01198,2024-12-17,P007,R02,C0152,1,129.00,0.00,129.00,42.00,87.00
SO02186,2024-12-17,P020,R06,C0132,1,29.00,0.00,29.00,8.00,21.00
SO02567,2024-12-17,P017,R07,C0101,1,199.00,0.00,199.00,65.00,134.00
SO02762,2024-12-17,P003,R05,C0081,2,1199.00,0.00,2398.00,1280.00,1118.00
SO02873,2024-12-17,P016,R02,C0017,1,95.00,0.00,95.00,30.00,65.00
SO03029,2024-12-17,P005,R05,C0083,2,89.00,0.20,142.40,56.00,86.40
SO00044,2024-12-18,P002,R04,C0173,1,399.00,0.00,399.00,180.00,219.00
SO00059,2024-12-18,P020,R08,C0043,5,29.00,0.00,145.00,40.00,105.00
SO00278,2024-12-18,P016,R03,C0161,1,95.00,0.00,95.00,30.00,65.00
SO00450,2024-12-18,P020,R08,C0048,2,29.00,0.05,55.10,16.00,39.10
SO00617,2024-12-18,P017,R01,C0112,5,199.00,0.00,995.00,325.00,670.00
SO00627,2024-12-18,P005,R08,C0170,2,89.00,0.05,169.10,56.00,113.10
SO01043,2024-12-18,P015,R08,C0012,1,119.00,0.05,113.05,38.00,75.05
SO02425,2024-12-18,P016,R08,C0118,4,95.00,0.00,380.00,120.00,260.00
SO02723,2024-12-18,P015,R06,C0043,5,119.00,0.00,595.00,190.00,405.00
SO02892,2024-12-18,P009,R06,C0105,5,99.00,0.00,495.00,170.00,325.00
SO03127,2024-12-18,P010,R08,C0026,3,69.00,0.15,175.95,66.00,109.95
SO03385,2024-12-18,P019,R02,C0018,1,79.00,0.00,79.00,24.00,55.00
SO03726,2024-12-18,P006,R02,C0105,4,179.00,0.00,716.00,220.00,496.00
SO03728,2024-12-18,P006,R08,C0093,2,179.00,0.10,322.20,110.00,212.20
SO03856,2024-12-18,P015,R03,C0049,1,119.00,0.10,107.10,38.00,69.10
SO00144,2024-12-19,P002,R08,C0179,2,399.00,0.00,798.00,360.00,438.00
SO00225,2024-12-19,P011,R07,C0006,1,39.00,0.05,37.05,12.00,25.05
SO00426,2024-12-19,P006,R06,C0094,1,179.00,0.10,161.10,55.00,106.10
SO01514,2024-12-19,P018,R05,C0150,4,89.00,0.05,338.20,112.00,226.20
SO01813,2024-12-19,P015,R03,C0090,1,119.00,0.00,119.00,38.00,81.00
SO02232,2024-12-19,P008,R03,C0105,1,299.00,0.15,254.15,95.00,159.15
SO02418,2024-12-19,P020,R03,C0158,2,29.00,0.05,55.10,16.00,39.10
SO03740,2024-12-19,P005,R02,C0161,2,89.00,0.00,178.00,56.00,122.00
SO00845,2024-12-20,P004,R03,C0044,1,1899.00,0.00,1899.00,980.00,919.00
SO01529,2024-12-20,P009,R03,C0098,1,99.00,0.05,94.05,34.00,60.05
SO03003,2024-12-20,P019,R02,C0113,3,79.00,0.05,225.15,72.00,153.15
SO03081,2024-12-20,P019,R08,C0050,2,79.00,0.00,158.00,48.00,110.00
SO03084,2024-12-20,P017,R02,C0092,2,199.00,0.10,358.20,130.00,228.20
SO03367,2024-12-20,P013,R05,C0142,1,329.00,0.10,296.10,110.00,186.10
SO03485,2024-12-20,P020,R05,C0161,1,29.00,0.00,29.00,8.00,21.00
SO03506,2024-12-20,P008,R04,C0123,1,299.00,0.00,299.00,95.00,204.00
SO00091,2024-12-21,P013,R04,C0134,5,329.00,0.00,1645.00,550.00,1095.00
SO00892,2024-12-21,P004,R05,C0048,1,1899.00,0.10,1709.10,980.00,729.10
SO01218,2024-12-21,P010,R06,C0092,2,69.00,0.05,131.10,44.00,87.10
SO01462,2024-12-21,P010,R05,C0022,1,69.00,0.05,65.55,22.00,43.55
SO01677,2024-12-21,P007,R08,C0111,2,129.00,0.00,258.00,84.00,174.00
SO01913,2024-12-21,P005,R04,C0002,1,89.00,0.15,75.65,28.00,47.65
SO01939,2024-12-21,P007,R08,C0119,2,129.00,0.00,258.00,84.00,174.00
SO02024,2024-12-21,P001,R07,C0056,4,699.00,0.00,2796.00,1280.00,1516.00
SO02156,2024-12-21,P017,R02,C0081,8,199.00,0.10,1432.80,520.00,912.80
SO03456,2024-12-21,P020,R07,C0015,1,29.00,0.00,29.00,8.00,21.00
SO03701,2024-12-21,P004,R08,C0108,4,1899.00,0.20,6076.80,3920.00,2156.80
SO00173,2024-12-22,P019,R06,C0140,5,79.00,0.00,395.00,120.00,275.00
SO00766,2024-12-22,P018,R06,C0083,5,89.00,0.20,356.00,140.00,216.00
SO00919,2024-12-22,P004,R02,C0146,4,1899.00,0.05,7216.20,3920.00,3296.20
SO01084,2024-12-22,P019,R02,C0095,1,79.00,0.00,79.00,24.00,55.00
SO03489,2024-12-22,P017,R06,C0102,8,199.00,0.00,1592.00,520.00,1072.00
SO00272,2024-12-23,P004,R06,C0177,1,1899.00,0.00,1899.00,980.00,919.00
SO00401,2024-12-23,P011,R08,C0037,2,39.00,0.15,66.30,24.00,42.30
SO00443,2024-12-23,P014,R04,C0067,1,499.00,0.00,499.00,180.00,319.00
SO01044,2024-12-23,P013,R02,C0059,8,329.00,0.10,2368.80,880.00,1488.80
SO01339,2024-12-23,P005,R07,C0156,2,89.00,0.00,178.00,56.00,122.00
SO02385,2024-12-23,P009,R04,C0153,8,99.00,0.05,752.40,272.00,480.40
SO03008,2024-12-23,P002,R02,C0111,3,399.00,0.00,1197.00,540.00,657.00
SO03032,2024-12-23,P009,R01,C0137,3,99.00,0.15,252.45,102.00,150.45
SO03299,2024-12-23,P013,R08,C0126,1,329.00,0.05,312.55,110.00,202.55
SO03641,2024-12-23,P016,R08,C0025,1,95.00,0.20,76.00,30.00,46.00
SO03772,2024-12-23,P017,R07,C0059,3,199.00,0.00,597.00,195.00,402.00
SO03870,2024-12-23,P011,R05,C0001,2,39.00,0.00,78.00,24.00,54.00
SO00505,2024-12-24,P014,R03,C0147,8,499.00,0.15,3393.20,1440.00,1953.20
SO00651,2024-12-24,P004,R07,C0034,1,1899.00,0.15,1614.15,980.00,634.15
SO00853,2024-12-24,P011,R01,C0088,3,39.00,0.05,111.15,36.00,75.15
SO00860,2024-12-24,P002,R06,C0069,12,399.00,0.10,4309.20,2160.00,2149.20
SO01009,2024-12-24,P010,R01,C0078,1,69.00,0.10,62.10,22.00,40.10
SO01165,2024-12-24,P013,R02,C0041,4,329.00,0.00,1316.00,440.00,876.00
SO01575,2024-12-24,P009,R02,C0070,1,99.00,0.00,99.00,34.00,65.00
SO02686,2024-12-24,P019,R02,C0165,1,79.00,0.05,75.05,24.00,51.05
SO02771,2024-12-24,P011,R04,C0053,2,39.00,0.00,78.00,24.00,54.00
SO02907,2024-12-24,P017,R01,C0090,1,199.00,0.00,199.00,65.00,134.00
SO02198,2024-12-25,P019,R03,C0149,1,79.00,0.00,79.00,24.00,55.00
SO00112,2024-12-26,P017,R01,C0011,3,199.00,0.10,537.30,195.00,342.30
SO00809,2024-12-26,P016,R01,C0070,3,95.00,0.05,270.75,90.00,180.75
SO01741,2024-12-26,P017,R07,C0118,4,199.00,0.05,756.20,260.00,496.20
SO02668,2024-12-26,P002,R04,C0130,1,399.00,0.10,359.10,180.00,179.10
SO02956,2024-12-26,P003,R03,C0015,1,1199.00,0.00,1199.00,640.00,559.00
SO03313,2024-12-26,P009,R06,C0052,1,99.00,0.05,94.05,34.00,60.05
SO00366,2024-12-27,P016,R03,C0005,4,95.00,0.20,304.00,120.00,184.00
SO00476,2024-12-27,P009,R03,C0166,2,99.00,0.00,198.00,68.00,130.00
SO02797,2024-12-27,P013,R03,C0103,1,329.00,0.20,263.20,110.00,153.20
SO03565,2024-12-27,P001,R06,C0142,1,699.00,0.15,594.15,320.00,274.15
SO03575,2024-12-27,P017,R01,C0024,1,199.00,0.05,189.05,65.00,124.05
SO00467,2024-12-28,P002,R07,C0076,2,399.00,0.10,718.20,360.00,358.20
SO01391,2024-12-28,P013,R02,C0097,2,329.00,0.00,658.00,220.00,438.00
SO01667,2024-12-28,P020,R02,C0093,2,29.00,0.15,49.30,16.00,33.30
SO01696,2024-12-28,P019,R08,C0024,2,79.00,0.10,142.20,48.00,94.20
SO02323,2024-12-28,P018,R01,C0177,1,89.00,0.00,89.00,28.00,61.00
SO03613,2024-12-28,P020,R07,C0007,1,29.00,0.00,29.00,8.00,21.00
SO00056,2024-12-29,P005,R03,C0108,1,89.00,0.00,89.00,28.00,61.00
SO00626,2024-12-29,P009,R06,C0085,1,99.00,0.00,99.00,34.00,65.00
SO00665,2024-12-29,P001,R07,C0147,1,699.00,0.05,664.05,320.00,344.05
SO00698,2024-12-29,P004,R02,C0101,1,1899.00,0.05,1804.05,980.00,824.05
SO00906,2024-12-29,P005,R01,C0024,3,89.00,0.00,267.00,84.00,183.00
SO01028,2024-12-29,P003,R06,C0050,3,1199.00,0.00,3597.00,1920.00,1677.00
SO01073,2024-12-29,P014,R05,C0051,2,499.00,0.15,848.30,360.00,488.30
SO02331,2024-12-29,P019,R07,C0084,5,79.00,0.00,395.00,120.00,275.00
SO02662,2024-12-29,P017,R07,C0028,1,199.00,0.00,199.00,65.00,134.00
SO03344,2024-12-29,P011,R03,C0088,5,39.00,0.00,195.00,60.00,135.00
SO03521,2024-12-29,P014,R05,C0064,1,499.00,0.10,449.10,180.00,269.10
SO00103,2024-12-30,P001,R08,C0010,2,699.00,0.10,1258.20,640.00,618.20
SO00374,2024-12-30,P009,R03,C0028,2,99.00,0.00,198.00,68.00,130.00
SO00785,2024-12-30,P001,R08,C0067,2,699.00,0.20,1118.40,640.00,478.40
SO01647,2024-12-30,P019,R05,C0149,1,79.00,0.00,79.00,24.00,55.00
SO02042,2024-12-30,P005,R06,C0113,1,89.00,0.05,84.55,28.00,56.55
SO00595,2024-12-31,P004,R08,C0171,2,1899.00,0.05,3608.10,1960.00,1648.10
SO01067,2024-12-31,P001,R05,C0136,3,699.00,0.15,1782.45,960.00,822.45
SO01076,2024-12-31,P008,R03,C0127,5,299.00,0.00,1495.00,475.00,1020.00
SO01298,2024-12-31,P020,R03,C0017,1,29.00,0.05,27.55,8.00,19.55
SO01342,2024-12-31,P011,R01,C0112,3,39.00,0.05,111.15,36.00,75.15
SO02354,2024-12-31,P011,R07,C0135,1,39.00,0.05,37.05,12.00,25.05
SO02466,2024-12-31,P017,R05,C0149,1,199.00,0.00,199.00,65.00,134.00
SO02621,2024-12-31,P019,R08,C0063,5,79.00,0.00,395.00,120.00,275.00
SO02911,2024-12-31,P017,R05,C0101,5,199.00,0.00,995.00,325.00,670.00
SO03277,2024-12-31,P008,R05,C0160,1,299.00,0.00,299.00,95.00,204.00
